"Index Name","Date","Open","High","Low","Close"
"NIFTY INDIA DEFENCE","01 Jul 2024","-","-","-","7429.79"
"NIFTY INDIA DEFENCE","28 Jun 2024","-","-","-","7283.69"
"NIFTY INDIA DEFENCE","27 Jun 2024","-","-","-","7295.72"
"NIFTY INDIA DEFENCE","26 Jun 2024","-","-","-","7263.23"
"NIFTY INDIA DEFENCE","25 Jun 2024","-","-","-","7246.52"
"NIFTY INDIA DEFENCE","24 Jun 2024","-","-","-","7202.54"
"NIFTY INDIA DEFENCE","21 Jun 2024","-","-","-","7089.68"
"NIFTY INDIA DEFENCE","20 Jun 2024","-","-","-","7221.16"
"NIFTY INDIA DEFENCE","19 Jun 2024","-","-","-","7229.83"
"NIFTY INDIA DEFENCE","18 Jun 2024","-","-","-","7466.34"
"NIFTY INDIA DEFENCE","14 Jun 2024","-","-","-","7099.41"
"NIFTY INDIA DEFENCE","13 Jun 2024","-","-","-","6794.41"
"NIFTY INDIA DEFENCE","12 Jun 2024","-","-","-","6520.78"
"NIFTY INDIA DEFENCE","11 Jun 2024","-","-","-","6471.24"
"NIFTY INDIA DEFENCE","10 Jun 2024","-","-","-","6398.31"
"NIFTY INDIA DEFENCE","07 Jun 2024","-","-","-","6371.88"
"NIFTY INDIA DEFENCE","06 Jun 2024","-","-","-","6217.69"
"NIFTY INDIA DEFENCE","05 Jun 2024","-","-","-","5873.39"
"NIFTY INDIA DEFENCE","04 Jun 2024","-","-","-","5914.83"
"NIFTY INDIA DEFENCE","03 Jun 2024","-","-","-","6946.39"
"NIFTY INDIA DEFENCE","31 May 2024","-","-","-","6641.43"
"NIFTY INDIA DEFENCE","30 May 2024","-","-","-","6594.49"
"NIFTY INDIA DEFENCE","29 May 2024","-","-","-","6677.80"
"NIFTY INDIA DEFENCE","28 May 2024","-","-","-","6563.35"
"NIFTY INDIA DEFENCE","27 May 2024","-","-","-","6751.12"
"NIFTY INDIA DEFENCE","24 May 2024","-","-","-","6777.19"
"NIFTY INDIA DEFENCE","23 May 2024","-","-","-","6611.97"
"NIFTY INDIA DEFENCE","22 May 2024","-","-","-","6391.16"
"NIFTY INDIA DEFENCE","21 May 2024","-","-","-","6250.25"
"NIFTY INDIA DEFENCE","18 May 2024","-","-","-","6040.39"
"NIFTY INDIA DEFENCE","17 May 2024","-","-","-","5832.71"
"NIFTY INDIA DEFENCE","16 May 2024","-","-","-","5583.16"
"NIFTY INDIA DEFENCE","15 May 2024","-","-","-","5395.01"
"NIFTY INDIA DEFENCE","14 May 2024","-","-","-","5371.12"
"NIFTY INDIA DEFENCE","13 May 2024","-","-","-","5159.81"
"NIFTY INDIA DEFENCE","10 May 2024","-","-","-","5204.70"
"NIFTY INDIA DEFENCE","09 May 2024","-","-","-","5156.36"
"NIFTY INDIA DEFENCE","08 May 2024","-","-","-","5230.50"
"NIFTY INDIA DEFENCE","07 May 2024","-","-","-","5133.45"
"NIFTY INDIA DEFENCE","06 May 2024","-","-","-","5279.41"
"NIFTY INDIA DEFENCE","03 May 2024","-","-","-","5386.47"
"NIFTY INDIA DEFENCE","02 May 2024","-","-","-","5392.66"
"NIFTY INDIA DEFENCE","30 Apr 2024","-","-","-","5399.43"
"NIFTY INDIA DEFENCE","29 Apr 2024","-","-","-","5431.75"
"NIFTY INDIA DEFENCE","26 Apr 2024","-","-","-","5457.30"
"NIFTY INDIA DEFENCE","25 Apr 2024","-","-","-","5470.69"
"NIFTY INDIA DEFENCE","24 Apr 2024","-","-","-","5402.15"
"NIFTY INDIA DEFENCE","23 Apr 2024","-","-","-","5268.25"
"NIFTY INDIA DEFENCE","22 Apr 2024","-","-","-","5153.74"
"NIFTY INDIA DEFENCE","19 Apr 2024","-","-","-","5118.51"
"NIFTY INDIA DEFENCE","18 Apr 2024","-","-","-","5067.47"
"NIFTY INDIA DEFENCE","16 Apr 2024","-","-","-","5119.59"
"NIFTY INDIA DEFENCE","15 Apr 2024","-","-","-","5057.92"
"NIFTY INDIA DEFENCE","12 Apr 2024","-","-","-","5093.12"
"NIFTY INDIA DEFENCE","10 Apr 2024","-","-","-","5067.61"
"NIFTY INDIA DEFENCE","09 Apr 2024","-","-","-","5040.67"
"NIFTY INDIA DEFENCE","08 Apr 2024","-","-","-","5037.84"
"NIFTY INDIA DEFENCE","05 Apr 2024","-","-","-","5017.81"
"NIFTY INDIA DEFENCE","04 Apr 2024","-","-","-","4985.56"
"NIFTY INDIA DEFENCE","03 Apr 2024","-","-","-","5016.98"
"NIFTY INDIA DEFENCE","02 Apr 2024","-","-","-","4924.17"
"NIFTY INDIA DEFENCE","01 Apr 2024","-","-","-","4795.35"
"NIFTY INDIA DEFENCE","28 Mar 2024","-","-","-","4636.14"
"NIFTY INDIA DEFENCE","27 Mar 2024","-","-","-","4603.62"
"NIFTY INDIA DEFENCE","26 Mar 2024","-","-","-","4637.33"
"NIFTY INDIA DEFENCE","22 Mar 2024","-","-","-","4593.94"
"NIFTY INDIA DEFENCE","21 Mar 2024","-","-","-","4516.90"
"NIFTY INDIA DEFENCE","20 Mar 2024","-","-","-","4355.34"
"NIFTY INDIA DEFENCE","19 Mar 2024","-","-","-","4395.04"
"NIFTY INDIA DEFENCE","18 Mar 2024","-","-","-","4449.69"
"NIFTY INDIA DEFENCE","15 Mar 2024","-","-","-","4485.55"
"NIFTY INDIA DEFENCE","14 Mar 2024","-","-","-","4423.94"
"NIFTY INDIA DEFENCE","13 Mar 2024","-","-","-","4188.72"
"NIFTY INDIA DEFENCE","12 Mar 2024","-","-","-","4506.11"
"NIFTY INDIA DEFENCE","11 Mar 2024","-","-","-","4645.68"
"NIFTY INDIA DEFENCE","07 Mar 2024","-","-","-","4666.82"
"NIFTY INDIA DEFENCE","06 Mar 2024","-","-","-","4563.51"
"NIFTY INDIA DEFENCE","05 Mar 2024","-","-","-","4658.15"
"NIFTY INDIA DEFENCE","04 Mar 2024","-","-","-","4632.78"
"NIFTY INDIA DEFENCE","02 Mar 2024","-","-","-","4551.08"
"NIFTY INDIA DEFENCE","01 Mar 2024","-","-","-","4522.27"
"NIFTY INDIA DEFENCE","29 Feb 2024","-","-","-","4448.97"
"NIFTY INDIA DEFENCE","28 Feb 2024","-","-","-","4455.21"
"NIFTY INDIA DEFENCE","27 Feb 2024","-","-","-","4492.70"
"NIFTY INDIA DEFENCE","26 Feb 2024","-","-","-","4476.23"
"NIFTY INDIA DEFENCE","23 Feb 2024","-","-","-","4455.84"
"NIFTY INDIA DEFENCE","22 Feb 2024","-","-","-","4354.28"
"NIFTY INDIA DEFENCE","21 Feb 2024","-","-","-","4248.54"
"NIFTY INDIA DEFENCE","20 Feb 2024","-","-","-","4297.28"
"NIFTY INDIA DEFENCE","19 Feb 2024","-","-","-","4310.80"
"NIFTY INDIA DEFENCE","16 Feb 2024","-","-","-","4304.17"
"NIFTY INDIA DEFENCE","15 Feb 2024","-","-","-","4259.82"
"NIFTY INDIA DEFENCE","14 Feb 2024","-","-","-","4230.26"
"NIFTY INDIA DEFENCE","13 Feb 2024","-","-","-","4176.45"
"NIFTY INDIA DEFENCE","12 Feb 2024","-","-","-","4124.30"
"NIFTY INDIA DEFENCE","09 Feb 2024","-","-","-","4303.95"
"NIFTY INDIA DEFENCE","08 Feb 2024","-","-","-","4422.48"
"NIFTY INDIA DEFENCE","07 Feb 2024","-","-","-","4311.65"
"NIFTY INDIA DEFENCE","06 Feb 2024","-","-","-","4299.16"
"NIFTY INDIA DEFENCE","05 Feb 2024","-","-","-","4272.41"
"NIFTY INDIA DEFENCE","02 Feb 2024","-","-","-","4294.36"
"NIFTY INDIA DEFENCE","01 Feb 2024","-","-","-","4286.92"
"NIFTY INDIA DEFENCE","31 Jan 2024","-","-","-","4310.63"
"NIFTY INDIA DEFENCE","30 Jan 2024","-","-","-","4284.55"
"NIFTY INDIA DEFENCE","29 Jan 2024","-","-","-","4279.91"
"NIFTY INDIA DEFENCE","25 Jan 2024","-","-","-","4261.85"
"NIFTY INDIA DEFENCE","24 Jan 2024","-","-","-","4264.53"
"NIFTY INDIA DEFENCE","23 Jan 2024","-","-","-","4240.61"
"NIFTY INDIA DEFENCE","20 Jan 2024","-","-","-","4369.93"
"NIFTY INDIA DEFENCE","19 Jan 2024","-","-","-","4362.54"
"NIFTY INDIA DEFENCE","18 Jan 2024","-","-","-","4321.14"
"NIFTY INDIA DEFENCE","17 Jan 2024","-","-","-","4313.75"
"NIFTY INDIA DEFENCE","16 Jan 2024","-","-","-","4320.74"
"NIFTY INDIA DEFENCE","15 Jan 2024","-","-","-","4361.37"
"NIFTY INDIA DEFENCE","12 Jan 2024","-","-","-","4324.69"
"NIFTY INDIA DEFENCE","11 Jan 2024","-","-","-","4351.66"
"NIFTY INDIA DEFENCE","10 Jan 2024","-","-","-","4311.99"
"NIFTY INDIA DEFENCE","09 Jan 2024","-","-","-","4245.30"
"NIFTY INDIA DEFENCE","08 Jan 2024","-","-","-","4206.42"
"NIFTY INDIA DEFENCE","05 Jan 2024","-","-","-","4245.08"
"NIFTY INDIA DEFENCE","04 Jan 2024","-","-","-","4209.81"
"NIFTY INDIA DEFENCE","03 Jan 2024","-","-","-","4159.32"
"NIFTY INDIA DEFENCE","02 Jan 2024","-","-","-","4142.27"
"NIFTY INDIA DEFENCE","01 Jan 2024","-","-","-","4195.95"
"NIFTY INDIA DEFENCE","29 Dec 2023","-","-","-","4175.46"
"NIFTY INDIA DEFENCE","28 Dec 2023","-","-","-","4177.33"
"NIFTY INDIA DEFENCE","27 Dec 2023","-","-","-","4179.07"
"NIFTY INDIA DEFENCE","26 Dec 2023","-","-","-","4182.43"
"NIFTY INDIA DEFENCE","22 Dec 2023","-","-","-","4029.84"
"NIFTY INDIA DEFENCE","21 Dec 2023","-","-","-","3998.26"
"NIFTY INDIA DEFENCE","20 Dec 2023","-","-","-","3919.79"
"NIFTY INDIA DEFENCE","19 Dec 2023","-","-","-","4081.30"
"NIFTY INDIA DEFENCE","18 Dec 2023","-","-","-","4087.00"
"NIFTY INDIA DEFENCE","15 Dec 2023","-","-","-","4016.43"
"NIFTY INDIA DEFENCE","14 Dec 2023","-","-","-","3982.50"
"NIFTY INDIA DEFENCE","13 Dec 2023","-","-","-","3951.45"
"NIFTY INDIA DEFENCE","12 Dec 2023","-","-","-","3924.62"
"NIFTY INDIA DEFENCE","11 Dec 2023","-","-","-","3961.51"
"NIFTY INDIA DEFENCE","08 Dec 2023","-","-","-","3880.78"
"NIFTY INDIA DEFENCE","07 Dec 2023","-","-","-","3881.47"
"NIFTY INDIA DEFENCE","06 Dec 2023","-","-","-","3878.13"
"NIFTY INDIA DEFENCE","05 Dec 2023","-","-","-","3726.48"
"NIFTY INDIA DEFENCE","04 Dec 2023","-","-","-","3737.63"
"NIFTY INDIA DEFENCE","01 Dec 2023","-","-","-","3680.51"
"NIFTY INDIA DEFENCE","30 Nov 2023","-","-","-","3646.49"
"NIFTY INDIA DEFENCE","29 Nov 2023","-","-","-","3607.65"
"NIFTY INDIA DEFENCE","28 Nov 2023","-","-","-","3598.31"
"NIFTY INDIA DEFENCE","24 Nov 2023","-","-","-","3597.70"
"NIFTY INDIA DEFENCE","23 Nov 2023","-","-","-","3526.21"
"NIFTY INDIA DEFENCE","22 Nov 2023","-","-","-","3501.76"
"NIFTY INDIA DEFENCE","21 Nov 2023","-","-","-","3562.61"
"NIFTY INDIA DEFENCE","20 Nov 2023","-","-","-","3563.30"
"NIFTY INDIA DEFENCE","17 Nov 2023","-","-","-","3598.41"
"NIFTY INDIA DEFENCE","16 Nov 2023","-","-","-","3524.23"
"NIFTY INDIA DEFENCE","15 Nov 2023","-","-","-","3488.15"
"NIFTY INDIA DEFENCE","13 Nov 2023","-","-","-","3425.89"
"NIFTY INDIA DEFENCE","12 Nov 2023","-","-","-","3416.07"
"NIFTY INDIA DEFENCE","10 Nov 2023","-","-","-","3376.60"
"NIFTY INDIA DEFENCE","09 Nov 2023","-","-","-","3374.95"
"NIFTY INDIA DEFENCE","08 Nov 2023","-","-","-","3399.13"
"NIFTY INDIA DEFENCE","07 Nov 2023","-","-","-","3371.62"
"NIFTY INDIA DEFENCE","06 Nov 2023","-","-","-","3284.60"
"NIFTY INDIA DEFENCE","03 Nov 2023","-","-","-","3241.94"
"NIFTY INDIA DEFENCE","02 Nov 2023","-","-","-","3184.30"
"NIFTY INDIA DEFENCE","01 Nov 2023","-","-","-","3177.11"
"NIFTY INDIA DEFENCE","31 Oct 2023","-","-","-","3184.31"
"NIFTY INDIA DEFENCE","30 Oct 2023","-","-","-","3164.99"
"NIFTY INDIA DEFENCE","27 Oct 2023","-","-","-","3198.34"
"NIFTY INDIA DEFENCE","26 Oct 2023","-","-","-","3121.67"
"NIFTY INDIA DEFENCE","25 Oct 2023","-","-","-","3087.06"
"NIFTY INDIA DEFENCE","23 Oct 2023","-","-","-","3163.51"
"NIFTY INDIA DEFENCE","20 Oct 2023","-","-","-","3273.15"
"NIFTY INDIA DEFENCE","19 Oct 2023","-","-","-","3309.26"
"NIFTY INDIA DEFENCE","18 Oct 2023","-","-","-","3314.81"
"NIFTY INDIA DEFENCE","17 Oct 2023","-","-","-","3322.39"
"NIFTY INDIA DEFENCE","16 Oct 2023","-","-","-","3312.23"
"NIFTY INDIA DEFENCE","13 Oct 2023","-","-","-","3316.62"
"NIFTY INDIA DEFENCE","12 Oct 2023","-","-","-","3319.67"
"NIFTY INDIA DEFENCE","11 Oct 2023","-","-","-","3335.48"
"NIFTY INDIA DEFENCE","10 Oct 2023","-","-","-","3317.80"
"NIFTY INDIA DEFENCE","09 Oct 2023","-","-","-","3248.50"
"NIFTY INDIA DEFENCE","06 Oct 2023","-","-","-","3310.86"
"NIFTY INDIA DEFENCE","05 Oct 2023","-","-","-","3290.48"
"NIFTY INDIA DEFENCE","04 Oct 2023","-","-","-","3252.49"
"NIFTY INDIA DEFENCE","03 Oct 2023","-","-","-","3302.96"
"NIFTY INDIA DEFENCE","29 Sep 2023","-","-","-","3272.91"
"NIFTY INDIA DEFENCE","28 Sep 2023","-","-","-","3221.10"
"NIFTY INDIA DEFENCE","27 Sep 2023","-","-","-","3256.60"
"NIFTY INDIA DEFENCE","26 Sep 2023","-","-","-","3263.43"
"NIFTY INDIA DEFENCE","25 Sep 2023","-","-","-","3188.05"
"NIFTY INDIA DEFENCE","22 Sep 2023","-","-","-","3205.93"
"NIFTY INDIA DEFENCE","21 Sep 2023","-","-","-","3227.26"
"NIFTY INDIA DEFENCE","20 Sep 2023","-","-","-","3265.03"
"NIFTY INDIA DEFENCE","18 Sep 2023","-","-","-","3285.11"
"NIFTY INDIA DEFENCE","15 Sep 2023","-","-","-","3286.86"
"NIFTY INDIA DEFENCE","14 Sep 2023","-","-","-","3248.52"
"NIFTY INDIA DEFENCE","13 Sep 2023","-","-","-","3225.35"
"NIFTY INDIA DEFENCE","12 Sep 2023","-","-","-","3220.36"
"NIFTY INDIA DEFENCE","11 Sep 2023","-","-","-","3439.71"
"NIFTY INDIA DEFENCE","08 Sep 2023","-","-","-","3413.30"
"NIFTY INDIA DEFENCE","07 Sep 2023","-","-","-","3351.04"
"NIFTY INDIA DEFENCE","06 Sep 2023","-","-","-","3252.07"
"NIFTY INDIA DEFENCE","05 Sep 2023","-","-","-","3284.59"
"NIFTY INDIA DEFENCE","04 Sep 2023","-","-","-","3288.93"
"NIFTY INDIA DEFENCE","01 Sep 2023","-","-","-","3274.18"
"NIFTY INDIA DEFENCE","31 Aug 2023","-","-","-","3215.72"
"NIFTY INDIA DEFENCE","30 Aug 2023","-","-","-","3193.25"
"NIFTY INDIA DEFENCE","29 Aug 2023","-","-","-","3180.75"
"NIFTY INDIA DEFENCE","28 Aug 2023","-","-","-","3186.55"
"NIFTY INDIA DEFENCE","25 Aug 2023","-","-","-","3141.98"
"NIFTY INDIA DEFENCE","24 Aug 2023","-","-","-","3159.26"
"NIFTY INDIA DEFENCE","23 Aug 2023","-","-","-","3149.81"
"NIFTY INDIA DEFENCE","22 Aug 2023","-","-","-","3097.97"
"NIFTY INDIA DEFENCE","21 Aug 2023","-","-","-","3054.84"
"NIFTY INDIA DEFENCE","18 Aug 2023","-","-","-","3026.19"
"NIFTY INDIA DEFENCE","17 Aug 2023","-","-","-","3074.31"
"NIFTY INDIA DEFENCE","16 Aug 2023","-","-","-","3067.10"
"NIFTY INDIA DEFENCE","14 Aug 2023","-","-","-","2975.94"
"NIFTY INDIA DEFENCE","11 Aug 2023","-","-","-","2930.60"
"NIFTY INDIA DEFENCE","10 Aug 2023","-","-","-","2948.35"
"NIFTY INDIA DEFENCE","09 Aug 2023","-","-","-","2950.41"
"NIFTY INDIA DEFENCE","08 Aug 2023","-","-","-","2910.61"
"NIFTY INDIA DEFENCE","07 Aug 2023","-","-","-","2900.19"
"NIFTY INDIA DEFENCE","04 Aug 2023","-","-","-","2901.77"
"NIFTY INDIA DEFENCE","03 Aug 2023","-","-","-","2888.28"
"NIFTY INDIA DEFENCE","02 Aug 2023","-","-","-","2891.31"
"NIFTY INDIA DEFENCE","01 Aug 2023","-","-","-","2950.49"
"NIFTY INDIA DEFENCE","31 Jul 2023","-","-","-","2965.90"
"NIFTY INDIA DEFENCE","28 Jul 2023","-","-","-","2955.30"
"NIFTY INDIA DEFENCE","27 Jul 2023","-","-","-","2913.72"
"NIFTY INDIA DEFENCE","26 Jul 2023","-","-","-","2910.33"
"NIFTY INDIA DEFENCE","25 Jul 2023","-","-","-","2901.49"
"NIFTY INDIA DEFENCE","24 Jul 2023","-","-","-","2911.77"
"NIFTY INDIA DEFENCE","21 Jul 2023","-","-","-","2894.43"
"NIFTY INDIA DEFENCE","20 Jul 2023","-","-","-","2890.90"
"NIFTY INDIA DEFENCE","19 Jul 2023","-","-","-","2868.00"
"NIFTY INDIA DEFENCE","18 Jul 2023","-","-","-","2871.47"
"NIFTY INDIA DEFENCE","17 Jul 2023","-","-","-","2867.97"
"NIFTY INDIA DEFENCE","14 Jul 2023","-","-","-","2847.98"
"NIFTY INDIA DEFENCE","13 Jul 2023","-","-","-","2867.61"
"NIFTY INDIA DEFENCE","12 Jul 2023","-","-","-","2867.41"
"NIFTY INDIA DEFENCE","11 Jul 2023","-","-","-","2841.17"
"NIFTY INDIA DEFENCE","10 Jul 2023","-","-","-","2716.67"
"NIFTY INDIA DEFENCE","07 Jul 2023","-","-","-","2714.18"
"NIFTY INDIA DEFENCE","06 Jul 2023","-","-","-","2718.29"
"NIFTY INDIA DEFENCE","05 Jul 2023","-","-","-","2705.86"
"NIFTY INDIA DEFENCE","04 Jul 2023","-","-","-","2696.21"
"NIFTY INDIA DEFENCE","03 Jul 2023","-","-","-","2720.56"
"NIFTY INDIA DEFENCE","30 Jun 2023","-","-","-","2722.13"
"NIFTY INDIA DEFENCE","28 Jun 2023","-","-","-","2694.77"
"NIFTY INDIA DEFENCE","27 Jun 2023","-","-","-","2669.54"
"NIFTY INDIA DEFENCE","26 Jun 2023","-","-","-","2686.22"
"NIFTY INDIA DEFENCE","23 Jun 2023","-","-","-","2652.16"
"NIFTY INDIA DEFENCE","22 Jun 2023","-","-","-","2737.30"
"NIFTY INDIA DEFENCE","21 Jun 2023","-","-","-","2756.85"
"NIFTY INDIA DEFENCE","20 Jun 2023","-","-","-","2778.34"
"NIFTY INDIA DEFENCE","19 Jun 2023","-","-","-","2768.10"
"NIFTY INDIA DEFENCE","16 Jun 2023","-","-","-","2729.79"
"NIFTY INDIA DEFENCE","15 Jun 2023","-","-","-","2646.42"
"NIFTY INDIA DEFENCE","14 Jun 2023","-","-","-","2631.54"
"NIFTY INDIA DEFENCE","13 Jun 2023","-","-","-","2628.16"
"NIFTY INDIA DEFENCE","12 Jun 2023","-","-","-","2637.27"
"NIFTY INDIA DEFENCE","09 Jun 2023","-","-","-","2640.75"
"NIFTY INDIA DEFENCE","08 Jun 2023","-","-","-","2592.81"
"NIFTY INDIA DEFENCE","07 Jun 2023","-","-","-","2597.27"
"NIFTY INDIA DEFENCE","06 Jun 2023","-","-","-","2590.85"
"NIFTY INDIA DEFENCE","05 Jun 2023","-","-","-","2533.68"
"NIFTY INDIA DEFENCE","02 Jun 2023","-","-","-","2448.60"
"NIFTY INDIA DEFENCE","01 Jun 2023","-","-","-","2412.70"
"NIFTY INDIA DEFENCE","31 May 2023","-","-","-","2410.06"
"NIFTY INDIA DEFENCE","30 May 2023","-","-","-","2393.93"
"NIFTY INDIA DEFENCE","29 May 2023","-","-","-","2374.49"
"NIFTY INDIA DEFENCE","26 May 2023","-","-","-","2359.96"
"NIFTY INDIA DEFENCE","25 May 2023","-","-","-","2346.58"
"NIFTY INDIA DEFENCE","24 May 2023","-","-","-","2359.94"
"NIFTY INDIA DEFENCE","23 May 2023","-","-","-","2371.96"
"NIFTY INDIA DEFENCE","22 May 2023","-","-","-","2383.88"
"NIFTY INDIA DEFENCE","19 May 2023","-","-","-","2376.48"
"NIFTY INDIA DEFENCE","18 May 2023","-","-","-","2388.99"
"NIFTY INDIA DEFENCE","17 May 2023","-","-","-","2410.62"
"NIFTY INDIA DEFENCE","16 May 2023","-","-","-","2386.22"
"NIFTY INDIA DEFENCE","15 May 2023","-","-","-","2337.73"
"NIFTY INDIA DEFENCE","12 May 2023","-","-","-","2327.09"
"NIFTY INDIA DEFENCE","11 May 2023","-","-","-","2346.42"
"NIFTY INDIA DEFENCE","10 May 2023","-","-","-","2335.45"
"NIFTY INDIA DEFENCE","09 May 2023","-","-","-","2331.97"
"NIFTY INDIA DEFENCE","08 May 2023","-","-","-","2348.37"
"NIFTY INDIA DEFENCE","05 May 2023","-","-","-","2346.48"
"NIFTY INDIA DEFENCE","04 May 2023","-","-","-","2367.98"
"NIFTY INDIA DEFENCE","03 May 2023","-","-","-","2358.38"
"NIFTY INDIA DEFENCE","02 May 2023","-","-","-","2330.39"
"NIFTY INDIA DEFENCE","28 Apr 2023","-","-","-","2300.32"
"NIFTY INDIA DEFENCE","27 Apr 2023","-","-","-","2256.29"
"NIFTY INDIA DEFENCE","26 Apr 2023","-","-","-","2253.52"
"NIFTY INDIA DEFENCE","25 Apr 2023","-","-","-","2241.29"
"NIFTY INDIA DEFENCE","24 Apr 2023","-","-","-","2252.12"
"NIFTY INDIA DEFENCE","21 Apr 2023","-","-","-","2239.68"
"NIFTY INDIA DEFENCE","20 Apr 2023","-","-","-","2231.32"
"NIFTY INDIA DEFENCE","19 Apr 2023","-","-","-","2227.23"
"NIFTY INDIA DEFENCE","18 Apr 2023","-","-","-","2243.21"
"NIFTY INDIA DEFENCE","17 Apr 2023","-","-","-","2245.75"
"NIFTY INDIA DEFENCE","13 Apr 2023","-","-","-","2228.08"
"NIFTY INDIA DEFENCE","12 Apr 2023","-","-","-","2226.05"
"NIFTY INDIA DEFENCE","11 Apr 2023","-","-","-","2209.56"
"NIFTY INDIA DEFENCE","10 Apr 2023","-","-","-","2178.84"
"NIFTY INDIA DEFENCE","06 Apr 2023","-","-","-","2164.07"
"NIFTY INDIA DEFENCE","05 Apr 2023","-","-","-","2147.62"
"NIFTY INDIA DEFENCE","03 Apr 2023","-","-","-","2130.61"
"NIFTY INDIA DEFENCE","31 Mar 2023","-","-","-","2131.67"
"NIFTY INDIA DEFENCE","29 Mar 2023","-","-","-","2077.18"
"NIFTY INDIA DEFENCE","28 Mar 2023","-","-","-","2010.72"
"NIFTY INDIA DEFENCE","27 Mar 2023","-","-","-","2031.97"
"NIFTY INDIA DEFENCE","24 Mar 2023","-","-","-","2045.85"
"NIFTY INDIA DEFENCE","23 Mar 2023","-","-","-","2052.45"
"NIFTY INDIA DEFENCE","22 Mar 2023","-","-","-","2083.34"
"NIFTY INDIA DEFENCE","21 Mar 2023","-","-","-","2098.75"
"NIFTY INDIA DEFENCE","20 Mar 2023","-","-","-","2086.52"
"NIFTY INDIA DEFENCE","17 Mar 2023","-","-","-","2119.83"
"NIFTY INDIA DEFENCE","16 Mar 2023","-","-","-","2075.89"
"NIFTY INDIA DEFENCE","15 Mar 2023","-","-","-","2099.61"
"NIFTY INDIA DEFENCE","14 Mar 2023","-","-","-","2100.20"
"NIFTY INDIA DEFENCE","13 Mar 2023","-","-","-","2103.80"
"NIFTY INDIA DEFENCE","10 Mar 2023","-","-","-","2145.85"
"NIFTY INDIA DEFENCE","09 Mar 2023","-","-","-","2162.93"
"NIFTY INDIA DEFENCE","08 Mar 2023","-","-","-","2173.17"
"NIFTY INDIA DEFENCE","06 Mar 2023","-","-","-","2141.16"
"NIFTY INDIA DEFENCE","03 Mar 2023","-","-","-","2141.13"
"NIFTY INDIA DEFENCE","02 Mar 2023","-","-","-","2151.25"
"NIFTY INDIA DEFENCE","01 Mar 2023","-","-","-","2160.74"
"NIFTY INDIA DEFENCE","28 Feb 2023","-","-","-","2109.31"
"NIFTY INDIA DEFENCE","27 Feb 2023","-","-","-","2082.08"
"NIFTY INDIA DEFENCE","24 Feb 2023","-","-","-","2098.73"
"NIFTY INDIA DEFENCE","23 Feb 2023","-","-","-","2105.10"
"NIFTY INDIA DEFENCE","22 Feb 2023","-","-","-","2113.05"
"NIFTY INDIA DEFENCE","21 Feb 2023","-","-","-","2149.38"
"NIFTY INDIA DEFENCE","20 Feb 2023","-","-","-","2148.32"
"NIFTY INDIA DEFENCE","17 Feb 2023","-","-","-","2170.15"
"NIFTY INDIA DEFENCE","16 Feb 2023","-","-","-","2174.09"
"NIFTY INDIA DEFENCE","15 Feb 2023","-","-","-","2061.96"
"NIFTY INDIA DEFENCE","14 Feb 2023","-","-","-","2062.71"
"NIFTY INDIA DEFENCE","13 Feb 2023","-","-","-","2067.13"
"NIFTY INDIA DEFENCE","10 Feb 2023","-","-","-","2084.98"
"NIFTY INDIA DEFENCE","09 Feb 2023","-","-","-","2099.10"
"NIFTY INDIA DEFENCE","08 Feb 2023","-","-","-","2117.20"
"NIFTY INDIA DEFENCE","07 Feb 2023","-","-","-","2113.32"
"NIFTY INDIA DEFENCE","06 Feb 2023","-","-","-","2110.02"
"NIFTY INDIA DEFENCE","03 Feb 2023","-","-","-","2087.30"
"NIFTY INDIA DEFENCE","02 Feb 2023","-","-","-","2102.14"
"NIFTY INDIA DEFENCE","01 Feb 2023","-","-","-","2083.88"
"NIFTY INDIA DEFENCE","31 Jan 2023","-","-","-","2174.38"
"NIFTY INDIA DEFENCE","30 Jan 2023","-","-","-","2094.45"
"NIFTY INDIA DEFENCE","27 Jan 2023","-","-","-","2111.39"
"NIFTY INDIA DEFENCE","25 Jan 2023","-","-","-","2153.03"
"NIFTY INDIA DEFENCE","24 Jan 2023","-","-","-","2177.09"
"NIFTY INDIA DEFENCE","23 Jan 2023","-","-","-","2182.07"
"NIFTY INDIA DEFENCE","20 Jan 2023","-","-","-","2202.28"
"NIFTY INDIA DEFENCE","19 Jan 2023","-","-","-","2196.66"
"NIFTY INDIA DEFENCE","18 Jan 2023","-","-","-","2191.72"
"NIFTY INDIA DEFENCE","17 Jan 2023","-","-","-","2203.22"
"NIFTY INDIA DEFENCE","16 Jan 2023","-","-","-","2205.48"
"NIFTY INDIA DEFENCE","13 Jan 2023","-","-","-","2189.79"
"NIFTY INDIA DEFENCE","12 Jan 2023","-","-","-","2184.62"
"NIFTY INDIA DEFENCE","11 Jan 2023","-","-","-","2182.73"
"NIFTY INDIA DEFENCE","10 Jan 2023","-","-","-","2176.87"
"NIFTY INDIA DEFENCE","09 Jan 2023","-","-","-","2200.69"
"NIFTY INDIA DEFENCE","06 Jan 2023","-","-","-","2195.83"
"NIFTY INDIA DEFENCE","05 Jan 2023","-","-","-","2210.59"
"NIFTY INDIA DEFENCE","04 Jan 2023","-","-","-","2201.91"
"NIFTY INDIA DEFENCE","03 Jan 2023","-","-","-","2232.52"
"NIFTY INDIA DEFENCE","02 Jan 2023","-","-","-","2218.40"
"NIFTY INDIA DEFENCE","30 Dec 2022","-","-","-","2206.48"
"NIFTY INDIA DEFENCE","29 Dec 2022","-","-","-","2163.29"
"NIFTY INDIA DEFENCE","28 Dec 2022","-","-","-","2157.83"
"NIFTY INDIA DEFENCE","27 Dec 2022","-","-","-","2160.24"
"NIFTY INDIA DEFENCE","26 Dec 2022","-","-","-","2147.02"
"NIFTY INDIA DEFENCE","23 Dec 2022","-","-","-","2048.49"
"NIFTY INDIA DEFENCE","22 Dec 2022","-","-","-","2125.23"
"NIFTY INDIA DEFENCE","21 Dec 2022","-","-","-","2179.61"
"NIFTY INDIA DEFENCE","20 Dec 2022","-","-","-","2256.45"
"NIFTY INDIA DEFENCE","19 Dec 2022","-","-","-","2229.82"
"NIFTY INDIA DEFENCE","16 Dec 2022","-","-","-","2218.95"
"NIFTY INDIA DEFENCE","15 Dec 2022","-","-","-","2270.01"
"NIFTY INDIA DEFENCE","14 Dec 2022","-","-","-","2304.52"
"NIFTY INDIA DEFENCE","13 Dec 2022","-","-","-","2293.79"
"NIFTY INDIA DEFENCE","12 Dec 2022","-","-","-","2288.73"
"NIFTY INDIA DEFENCE","09 Dec 2022","-","-","-","2298.50"
"NIFTY INDIA DEFENCE","08 Dec 2022","-","-","-","2324.36"
"NIFTY INDIA DEFENCE","07 Dec 2022","-","-","-","2304.11"
"NIFTY INDIA DEFENCE","06 Dec 2022","-","-","-","2318.85"
"NIFTY INDIA DEFENCE","05 Dec 2022","-","-","-","2339.03"
"NIFTY INDIA DEFENCE","02 Dec 2022","-","-","-","2338.59"
"NIFTY INDIA DEFENCE","01 Dec 2022","-","-","-","2314.46"
"NIFTY INDIA DEFENCE","30 Nov 2022","-","-","-","2297.55"
"NIFTY INDIA DEFENCE","29 Nov 2022","-","-","-","2262.97"
"NIFTY INDIA DEFENCE","28 Nov 2022","-","-","-","2282.34"
"NIFTY INDIA DEFENCE","25 Nov 2022","-","-","-","2268.80"
"NIFTY INDIA DEFENCE","24 Nov 2022","-","-","-","2295.14"
"NIFTY INDIA DEFENCE","23 Nov 2022","-","-","-","2289.45"
"NIFTY INDIA DEFENCE","22 Nov 2022","-","-","-","2291.13"
"NIFTY INDIA DEFENCE","21 Nov 2022","-","-","-","2248.80"
"NIFTY INDIA DEFENCE","18 Nov 2022","-","-","-","2264.91"
"NIFTY INDIA DEFENCE","17 Nov 2022","-","-","-","2315.44"
"NIFTY INDIA DEFENCE","16 Nov 2022","-","-","-","2307.44"
"NIFTY INDIA DEFENCE","15 Nov 2022","-","-","-","2263.30"
"NIFTY INDIA DEFENCE","14 Nov 2022","-","-","-","2256.45"
"NIFTY INDIA DEFENCE","11 Nov 2022","-","-","-","2270.99"
"NIFTY INDIA DEFENCE","10 Nov 2022","-","-","-","2247.67"
"NIFTY INDIA DEFENCE","09 Nov 2022","-","-","-","2280.16"
"NIFTY INDIA DEFENCE","07 Nov 2022","-","-","-","2308.35"
"NIFTY INDIA DEFENCE","04 Nov 2022","-","-","-","2287.61"
"NIFTY INDIA DEFENCE","03 Nov 2022","-","-","-","2269.41"
"NIFTY INDIA DEFENCE","02 Nov 2022","-","-","-","2225.20"
"NIFTY INDIA DEFENCE","01 Nov 2022","-","-","-","2213.94"
"NIFTY INDIA DEFENCE","31 Oct 2022","-","-","-","2193.30"
"NIFTY INDIA DEFENCE","28 Oct 2022","-","-","-","2192.90"
"NIFTY INDIA DEFENCE","27 Oct 2022","-","-","-","2212.49"
"NIFTY INDIA DEFENCE","25 Oct 2022","-","-","-","2194.48"
"NIFTY INDIA DEFENCE","24 Oct 2022","-","-","-","2179.30"
"NIFTY INDIA DEFENCE","21 Oct 2022","-","-","-","2150.05"
"NIFTY INDIA DEFENCE","20 Oct 2022","-","-","-","2190.52"
"NIFTY INDIA DEFENCE","19 Oct 2022","-","-","-","2179.19"
"NIFTY INDIA DEFENCE","18 Oct 2022","-","-","-","2170.42"
"NIFTY INDIA DEFENCE","17 Oct 2022","-","-","-","2111.08"
"NIFTY INDIA DEFENCE","14 Oct 2022","-","-","-","2091.05"
"NIFTY INDIA DEFENCE","13 Oct 2022","-","-","-","2095.51"
"NIFTY INDIA DEFENCE","12 Oct 2022","-","-","-","2108.29"
"NIFTY INDIA DEFENCE","11 Oct 2022","-","-","-","2098.44"
"NIFTY INDIA DEFENCE","10 Oct 2022","-","-","-","2162.20"
"NIFTY INDIA DEFENCE","07 Oct 2022","-","-","-","2182.09"
"NIFTY INDIA DEFENCE","06 Oct 2022","-","-","-","2160.71"
"NIFTY INDIA DEFENCE","04 Oct 2022","-","-","-","2091.30"
"NIFTY INDIA DEFENCE","03 Oct 2022","-","-","-","2034.14"
"NIFTY INDIA DEFENCE","30 Sep 2022","-","-","-","2043.09"
"NIFTY INDIA DEFENCE","29 Sep 2022","-","-","-","2000.53"
"NIFTY INDIA DEFENCE","28 Sep 2022","-","-","-","1959.54"
"NIFTY INDIA DEFENCE","27 Sep 2022","-","-","-","1963.04"
"NIFTY INDIA DEFENCE","26 Sep 2022","-","-","-","1959.18"
"NIFTY INDIA DEFENCE","23 Sep 2022","-","-","-","2066.61"
"NIFTY INDIA DEFENCE","22 Sep 2022","-","-","-","2123.16"
"NIFTY INDIA DEFENCE","21 Sep 2022","-","-","-","2111.34"
"NIFTY INDIA DEFENCE","20 Sep 2022","-","-","-","2125.85"
"NIFTY INDIA DEFENCE","19 Sep 2022","-","-","-","2110.32"
"NIFTY INDIA DEFENCE","16 Sep 2022","-","-","-","2088.47"
"NIFTY INDIA DEFENCE","15 Sep 2022","-","-","-","2080.53"
"NIFTY INDIA DEFENCE","14 Sep 2022","-","-","-","2081.77"
"NIFTY INDIA DEFENCE","13 Sep 2022","-","-","-","2084.22"
"NIFTY INDIA DEFENCE","12 Sep 2022","-","-","-","2091.75"
"NIFTY INDIA DEFENCE","09 Sep 2022","-","-","-","2028.40"
"NIFTY INDIA DEFENCE","08 Sep 2022","-","-","-","2026.28"
"NIFTY INDIA DEFENCE","07 Sep 2022","-","-","-","2019.11"
"NIFTY INDIA DEFENCE","06 Sep 2022","-","-","-","1993.06"
"NIFTY INDIA DEFENCE","05 Sep 2022","-","-","-","2010.19"
"NIFTY INDIA DEFENCE","02 Sep 2022","-","-","-","1992.36"
"NIFTY INDIA DEFENCE","01 Sep 2022","-","-","-","1970.35"
"NIFTY INDIA DEFENCE","30 Aug 2022","-","-","-","1948.22"
"NIFTY INDIA DEFENCE","29 Aug 2022","-","-","-","1944.28"
"NIFTY INDIA DEFENCE","26 Aug 2022","-","-","-","1924.24"
"NIFTY INDIA DEFENCE","25 Aug 2022","-","-","-","1880.08"
"NIFTY INDIA DEFENCE","24 Aug 2022","-","-","-","1873.26"
"NIFTY INDIA DEFENCE","23 Aug 2022","-","-","-","1868.66"
"NIFTY INDIA DEFENCE","22 Aug 2022","-","-","-","1844.05"
"NIFTY INDIA DEFENCE","19 Aug 2022","-","-","-","1860.58"
"NIFTY INDIA DEFENCE","18 Aug 2022","-","-","-","1869.28"
"NIFTY INDIA DEFENCE","17 Aug 2022","-","-","-","1860.85"
"NIFTY INDIA DEFENCE","16 Aug 2022","-","-","-","1859.77"
"NIFTY INDIA DEFENCE","12 Aug 2022","-","-","-","1821.00"
"NIFTY INDIA DEFENCE","11 Aug 2022","-","-","-","1827.28"
"NIFTY INDIA DEFENCE","10 Aug 2022","-","-","-","1797.88"
"NIFTY INDIA DEFENCE","08 Aug 2022","-","-","-","1782.16"
"NIFTY INDIA DEFENCE","05 Aug 2022","-","-","-","1730.91"
"NIFTY INDIA DEFENCE","04 Aug 2022","-","-","-","1725.67"
"NIFTY INDIA DEFENCE","03 Aug 2022","-","-","-","1703.90"
"NIFTY INDIA DEFENCE","02 Aug 2022","-","-","-","1702.12"
"NIFTY INDIA DEFENCE","01 Aug 2022","-","-","-","1691.03"
"NIFTY INDIA DEFENCE","29 Jul 2022","-","-","-","1675.16"
"NIFTY INDIA DEFENCE","28 Jul 2022","-","-","-","1662.97"
"NIFTY INDIA DEFENCE","27 Jul 2022","-","-","-","1635.00"
"NIFTY INDIA DEFENCE","26 Jul 2022","-","-","-","1610.02"
"NIFTY INDIA DEFENCE","25 Jul 2022","-","-","-","1614.39"
"NIFTY INDIA DEFENCE","22 Jul 2022","-","-","-","1604.63"
"NIFTY INDIA DEFENCE","21 Jul 2022","-","-","-","1593.45"
"NIFTY INDIA DEFENCE","20 Jul 2022","-","-","-","1565.58"
"NIFTY INDIA DEFENCE","19 Jul 2022","-","-","-","1547.84"
"NIFTY INDIA DEFENCE","18 Jul 2022","-","-","-","1534.14"
"NIFTY INDIA DEFENCE","15 Jul 2022","-","-","-","1502.65"
"NIFTY INDIA DEFENCE","14 Jul 2022","-","-","-","1489.95"
"NIFTY INDIA DEFENCE","13 Jul 2022","-","-","-","1491.52"
"NIFTY INDIA DEFENCE","12 Jul 2022","-","-","-","1498.84"
"NIFTY INDIA DEFENCE","11 Jul 2022","-","-","-","1505.47"
"NIFTY INDIA DEFENCE","08 Jul 2022","-","-","-","1502.81"
"NIFTY INDIA DEFENCE","07 Jul 2022","-","-","-","1498.96"
"NIFTY INDIA DEFENCE","06 Jul 2022","-","-","-","1485.64"
"NIFTY INDIA DEFENCE","05 Jul 2022","-","-","-","1471.33"
"NIFTY INDIA DEFENCE","04 Jul 2022","-","-","-","1480.08"
"NIFTY INDIA DEFENCE","01 Jul 2022","-","-","-","1468.92"
"NIFTY INDIA DEFENCE","30 Jun 2022","-","-","-","1489.57"
"NIFTY INDIA DEFENCE","29 Jun 2022","-","-","-","1500.45"
"NIFTY INDIA DEFENCE","28 Jun 2022","-","-","-","1519.55"
"NIFTY INDIA DEFENCE","27 Jun 2022","-","-","-","1522.75"
"NIFTY INDIA DEFENCE","24 Jun 2022","-","-","-","1508.05"
"NIFTY INDIA DEFENCE","23 Jun 2022","-","-","-","1490.05"
"NIFTY INDIA DEFENCE","22 Jun 2022","-","-","-","1481.94"
"NIFTY INDIA DEFENCE","21 Jun 2022","-","-","-","1508.34"
"NIFTY INDIA DEFENCE","20 Jun 2022","-","-","-","1460.31"
"NIFTY INDIA DEFENCE","17 Jun 2022","-","-","-","1542.80"
"NIFTY INDIA DEFENCE","16 Jun 2022","-","-","-","1519.23"
"NIFTY INDIA DEFENCE","15 Jun 2022","-","-","-","1560.59"
"NIFTY INDIA DEFENCE","14 Jun 2022","-","-","-","1557.85"
"NIFTY INDIA DEFENCE","13 Jun 2022","-","-","-","1554.19"
"NIFTY INDIA DEFENCE","10 Jun 2022","-","-","-","1606.29"
"NIFTY INDIA DEFENCE","09 Jun 2022","-","-","-","1594.15"
"NIFTY INDIA DEFENCE","08 Jun 2022","-","-","-","1589.56"
"NIFTY INDIA DEFENCE","07 Jun 2022","-","-","-","1604.01"
"NIFTY INDIA DEFENCE","06 Jun 2022","-","-","-","1591.60"
"NIFTY INDIA DEFENCE","03 Jun 2022","-","-","-","1602.49"
"NIFTY INDIA DEFENCE","02 Jun 2022","-","-","-","1599.61"
"NIFTY INDIA DEFENCE","01 Jun 2022","-","-","-","1592.09"
"NIFTY INDIA DEFENCE","31 May 2022","-","-","-","1553.68"
"NIFTY INDIA DEFENCE","30 May 2022","-","-","-","1548.30"
"NIFTY INDIA DEFENCE","27 May 2022","-","-","-","1522.49"
"NIFTY INDIA DEFENCE","26 May 2022","-","-","-","1505.77"
"NIFTY INDIA DEFENCE","25 May 2022","-","-","-","1498.89"
"NIFTY INDIA DEFENCE","24 May 2022","-","-","-","1553.41"
"NIFTY INDIA DEFENCE","23 May 2022","-","-","-","1573.22"
"NIFTY INDIA DEFENCE","20 May 2022","-","-","-","1565.65"
"NIFTY INDIA DEFENCE","19 May 2022","-","-","-","1528.50"
"NIFTY INDIA DEFENCE","18 May 2022","-","-","-","1544.16"
"NIFTY INDIA DEFENCE","17 May 2022","-","-","-","1541.58"
"NIFTY INDIA DEFENCE","16 May 2022","-","-","-","1486.10"
"NIFTY INDIA DEFENCE","13 May 2022","-","-","-","1448.42"
"NIFTY INDIA DEFENCE","12 May 2022","-","-","-","1439.83"
"NIFTY INDIA DEFENCE","11 May 2022","-","-","-","1457.73"
"NIFTY INDIA DEFENCE","10 May 2022","-","-","-","1475.57"
"NIFTY INDIA DEFENCE","09 May 2022","-","-","-","1501.62"
"NIFTY INDIA DEFENCE","06 May 2022","-","-","-","1532.70"
"NIFTY INDIA DEFENCE","05 May 2022","-","-","-","1561.04"
"NIFTY INDIA DEFENCE","04 May 2022","-","-","-","1546.96"
"NIFTY INDIA DEFENCE","02 May 2022","-","-","-","1573.94"
"NIFTY INDIA DEFENCE","29 Apr 2022","-","-","-","1564.59"
"NIFTY INDIA DEFENCE","28 Apr 2022","-","-","-","1592.92"
"NIFTY INDIA DEFENCE","27 Apr 2022","-","-","-","1600.22"
"NIFTY INDIA DEFENCE","26 Apr 2022","-","-","-","1626.36"
"NIFTY INDIA DEFENCE","25 Apr 2022","-","-","-","1614.36"
"NIFTY INDIA DEFENCE","22 Apr 2022","-","-","-","1664.85"
"NIFTY INDIA DEFENCE","21 Apr 2022","-","-","-","1652.32"
"NIFTY INDIA DEFENCE","20 Apr 2022","-","-","-","1635.68"
"NIFTY INDIA DEFENCE","19 Apr 2022","-","-","-","1648.77"
"NIFTY INDIA DEFENCE","18 Apr 2022","-","-","-","1692.41"
"NIFTY INDIA DEFENCE","13 Apr 2022","-","-","-","1623.00"
"NIFTY INDIA DEFENCE","12 Apr 2022","-","-","-","1629.65"
"NIFTY INDIA DEFENCE","11 Apr 2022","-","-","-","1627.58"
"NIFTY INDIA DEFENCE","08 Apr 2022","-","-","-","1592.93"
"NIFTY INDIA DEFENCE","07 Apr 2022","-","-","-","1538.15"
"NIFTY INDIA DEFENCE","06 Apr 2022","-","-","-","1497.05"
"NIFTY INDIA DEFENCE","05 Apr 2022","-","-","-","1496.06"
"NIFTY INDIA DEFENCE","04 Apr 2022","-","-","-","1490.25"
"NIFTY INDIA DEFENCE","01 Apr 2022","-","-","-","1461.62"
"NIFTY INDIA DEFENCE","31 Mar 2022","-","-","-","1434.58"
"NIFTY INDIA DEFENCE","30 Mar 2022","-","-","-","1401.06"
"NIFTY INDIA DEFENCE","29 Mar 2022","-","-","-","1396.76"
"NIFTY INDIA DEFENCE","28 Mar 2022","-","-","-","1378.14"
"NIFTY INDIA DEFENCE","25 Mar 2022","-","-","-","1370.28"
"NIFTY INDIA DEFENCE","24 Mar 2022","-","-","-","1385.23"
"NIFTY INDIA DEFENCE","23 Mar 2022","-","-","-","1387.83"
"NIFTY INDIA DEFENCE","22 Mar 2022","-","-","-","1398.22"
"NIFTY INDIA DEFENCE","21 Mar 2022","-","-","-","1404.64"
"NIFTY INDIA DEFENCE","17 Mar 2022","-","-","-","1406.16"
"NIFTY INDIA DEFENCE","16 Mar 2022","-","-","-","1374.67"
"NIFTY INDIA DEFENCE","15 Mar 2022","-","-","-","1339.44"
"NIFTY INDIA DEFENCE","14 Mar 2022","-","-","-","1346.64"
"NIFTY INDIA DEFENCE","11 Mar 2022","-","-","-","1347.30"
"NIFTY INDIA DEFENCE","10 Mar 2022","-","-","-","1340.97"
"NIFTY INDIA DEFENCE","09 Mar 2022","-","-","-","1330.44"
"NIFTY INDIA DEFENCE","08 Mar 2022","-","-","-","1298.67"
"NIFTY INDIA DEFENCE","07 Mar 2022","-","-","-","1277.25"
"NIFTY INDIA DEFENCE","04 Mar 2022","-","-","-","1299.93"
"NIFTY INDIA DEFENCE","03 Mar 2022","-","-","-","1314.90"
"NIFTY INDIA DEFENCE","02 Mar 2022","-","-","-","1311.66"
"NIFTY INDIA DEFENCE","28 Feb 2022","-","-","-","1303.35"
"NIFTY INDIA DEFENCE","25 Feb 2022","-","-","-","1279.03"
"NIFTY INDIA DEFENCE","24 Feb 2022","-","-","-","1217.29"
"NIFTY INDIA DEFENCE","23 Feb 2022","-","-","-","1278.74"
"NIFTY INDIA DEFENCE","22 Feb 2022","-","-","-","1260.80"
"NIFTY INDIA DEFENCE","21 Feb 2022","-","-","-","1281.21"
"NIFTY INDIA DEFENCE","18 Feb 2022","-","-","-","1311.36"
"NIFTY INDIA DEFENCE","17 Feb 2022","-","-","-","1325.26"
"NIFTY INDIA DEFENCE","16 Feb 2022","-","-","-","1323.41"
"NIFTY INDIA DEFENCE","15 Feb 2022","-","-","-","1324.38"
"NIFTY INDIA DEFENCE","14 Feb 2022","-","-","-","1302.68"
"NIFTY INDIA DEFENCE","11 Feb 2022","-","-","-","1343.31"
"NIFTY INDIA DEFENCE","10 Feb 2022","-","-","-","1362.97"
"NIFTY INDIA DEFENCE","09 Feb 2022","-","-","-","1374.67"
"NIFTY INDIA DEFENCE","08 Feb 2022","-","-","-","1364.33"
"NIFTY INDIA DEFENCE","07 Feb 2022","-","-","-","1372.90"
"NIFTY INDIA DEFENCE","04 Feb 2022","-","-","-","1386.19"
"NIFTY INDIA DEFENCE","03 Feb 2022","-","-","-","1403.77"
"NIFTY INDIA DEFENCE","02 Feb 2022","-","-","-","1400.66"
"NIFTY INDIA DEFENCE","01 Feb 2022","-","-","-","1389.28"
"NIFTY INDIA DEFENCE","31 Jan 2022","-","-","-","1391.42"
"NIFTY INDIA DEFENCE","28 Jan 2022","-","-","-","1389.84"
"NIFTY INDIA DEFENCE","27 Jan 2022","-","-","-","1382.10"
"NIFTY INDIA DEFENCE","25 Jan 2022","-","-","-","1386.10"
"NIFTY INDIA DEFENCE","24 Jan 2022","-","-","-","1335.18"
"NIFTY INDIA DEFENCE","21 Jan 2022","-","-","-","1378.68"
"NIFTY INDIA DEFENCE","20 Jan 2022","-","-","-","1399.17"
"NIFTY INDIA DEFENCE","19 Jan 2022","-","-","-","1380.29"
"NIFTY INDIA DEFENCE","18 Jan 2022","-","-","-","1369.75"
"NIFTY INDIA DEFENCE","17 Jan 2022","-","-","-","1399.98"
"NIFTY INDIA DEFENCE","14 Jan 2022","-","-","-","1394.52"
"NIFTY INDIA DEFENCE","13 Jan 2022","-","-","-","1366.74"
"NIFTY INDIA DEFENCE","12 Jan 2022","-","-","-","1366.91"
"NIFTY INDIA DEFENCE","11 Jan 2022","-","-","-","1360.74"
"NIFTY INDIA DEFENCE","10 Jan 2022","-","-","-","1368.09"
"NIFTY INDIA DEFENCE","07 Jan 2022","-","-","-","1357.44"
"NIFTY INDIA DEFENCE","06 Jan 2022","-","-","-","1360.94"
"NIFTY INDIA DEFENCE","05 Jan 2022","-","-","-","1370.28"
"NIFTY INDIA DEFENCE","04 Jan 2022","-","-","-","1363.46"
"NIFTY INDIA DEFENCE","03 Jan 2022","-","-","-","1346.14"
"NIFTY INDIA DEFENCE","31 Dec 2021","-","-","-","1344.78"
"NIFTY INDIA DEFENCE","30 Dec 2021","-","-","-","1328.13"
"NIFTY INDIA DEFENCE","29 Dec 2021","-","-","-","1327.86"
"NIFTY INDIA DEFENCE","28 Dec 2021","-","-","-","1321.06"
"NIFTY INDIA DEFENCE","27 Dec 2021","-","-","-","1307.40"
"NIFTY INDIA DEFENCE","24 Dec 2021","-","-","-","1312.67"
"NIFTY INDIA DEFENCE","23 Dec 2021","-","-","-","1335.01"
"NIFTY INDIA DEFENCE","22 Dec 2021","-","-","-","1331.49"
"NIFTY INDIA DEFENCE","21 Dec 2021","-","-","-","1298.33"
"NIFTY INDIA DEFENCE","20 Dec 2021","-","-","-","1293.72"
"NIFTY INDIA DEFENCE","17 Dec 2021","-","-","-","1354.24"
"NIFTY INDIA DEFENCE","16 Dec 2021","-","-","-","1384.02"
"NIFTY INDIA DEFENCE","15 Dec 2021","-","-","-","1399.96"
"NIFTY INDIA DEFENCE","14 Dec 2021","-","-","-","1409.75"
"NIFTY INDIA DEFENCE","13 Dec 2021","-","-","-","1420.86"
"NIFTY INDIA DEFENCE","10 Dec 2021","-","-","-","1428.58"
"NIFTY INDIA DEFENCE","09 Dec 2021","-","-","-","1431.79"
"NIFTY INDIA DEFENCE","08 Dec 2021","-","-","-","1425.64"
"NIFTY INDIA DEFENCE","07 Dec 2021","-","-","-","1437.61"
"NIFTY INDIA DEFENCE","06 Dec 2021","-","-","-","1425.86"
"NIFTY INDIA DEFENCE","03 Dec 2021","-","-","-","1423.80"
"NIFTY INDIA DEFENCE","02 Dec 2021","-","-","-","1423.85"
"NIFTY INDIA DEFENCE","01 Dec 2021","-","-","-","1420.94"
"NIFTY INDIA DEFENCE","30 Nov 2021","-","-","-","1394.52"
"NIFTY INDIA DEFENCE","29 Nov 2021","-","-","-","1368.29"
"NIFTY INDIA DEFENCE","26 Nov 2021","-","-","-","1371.67"
"NIFTY INDIA DEFENCE","25 Nov 2021","-","-","-","1430.63"
"NIFTY INDIA DEFENCE","24 Nov 2021","-","-","-","1413.82"
"NIFTY INDIA DEFENCE","23 Nov 2021","-","-","-","1407.93"
"NIFTY INDIA DEFENCE","22 Nov 2021","-","-","-","1379.73"
"NIFTY INDIA DEFENCE","18 Nov 2021","-","-","-","1408.17"
"NIFTY INDIA DEFENCE","17 Nov 2021","-","-","-","1425.10"
"NIFTY INDIA DEFENCE","16 Nov 2021","-","-","-","1428.88"
"NIFTY INDIA DEFENCE","15 Nov 2021","-","-","-","1435.06"
"NIFTY INDIA DEFENCE","12 Nov 2021","-","-","-","1422.75"
"NIFTY INDIA DEFENCE","11 Nov 2021","-","-","-","1410.25"
"NIFTY INDIA DEFENCE","10 Nov 2021","-","-","-","1391.06"
"NIFTY INDIA DEFENCE","09 Nov 2021","-","-","-","1403.89"
"NIFTY INDIA DEFENCE","08 Nov 2021","-","-","-","1379.15"
"NIFTY INDIA DEFENCE","04 Nov 2021","-","-","-","1335.20"
"NIFTY INDIA DEFENCE","03 Nov 2021","-","-","-","1314.24"
"NIFTY INDIA DEFENCE","02 Nov 2021","-","-","-","1319.79"
"NIFTY INDIA DEFENCE","01 Nov 2021","-","-","-","1317.51"
"NIFTY INDIA DEFENCE","29 Oct 2021","-","-","-","1313.11"
"NIFTY INDIA DEFENCE","28 Oct 2021","-","-","-","1304.29"
"NIFTY INDIA DEFENCE","27 Oct 2021","-","-","-","1331.29"
"NIFTY INDIA DEFENCE","26 Oct 2021","-","-","-","1312.68"
"NIFTY INDIA DEFENCE","25 Oct 2021","-","-","-","1275.52"
"NIFTY INDIA DEFENCE","22 Oct 2021","-","-","-","1270.08"
"NIFTY INDIA DEFENCE","21 Oct 2021","-","-","-","1324.33"
"NIFTY INDIA DEFENCE","20 Oct 2021","-","-","-","1328.34"
"NIFTY INDIA DEFENCE","19 Oct 2021","-","-","-","1365.38"
"NIFTY INDIA DEFENCE","18 Oct 2021","-","-","-","1393.52"
"NIFTY INDIA DEFENCE","14 Oct 2021","-","-","-","1354.11"
"NIFTY INDIA DEFENCE","13 Oct 2021","-","-","-","1332.36"
"NIFTY INDIA DEFENCE","12 Oct 2021","-","-","-","1334.09"
"NIFTY INDIA DEFENCE","11 Oct 2021","-","-","-","1317.44"
"NIFTY INDIA DEFENCE","08 Oct 2021","-","-","-","1279.07"
"NIFTY INDIA DEFENCE","07 Oct 2021","-","-","-","1268.68"
"NIFTY INDIA DEFENCE","06 Oct 2021","-","-","-","1257.89"
"NIFTY INDIA DEFENCE","05 Oct 2021","-","-","-","1279.59"
"NIFTY INDIA DEFENCE","04 Oct 2021","-","-","-","1274.08"
"NIFTY INDIA DEFENCE","01 Oct 2021","-","-","-","1235.29"
"NIFTY INDIA DEFENCE","30 Sep 2021","-","-","-","1236.36"
"NIFTY INDIA DEFENCE","29 Sep 2021","-","-","-","1216.31"
"NIFTY INDIA DEFENCE","28 Sep 2021","-","-","-","1207.49"
"NIFTY INDIA DEFENCE","27 Sep 2021","-","-","-","1211.31"
"NIFTY INDIA DEFENCE","24 Sep 2021","-","-","-","1214.66"
"NIFTY INDIA DEFENCE","23 Sep 2021","-","-","-","1221.82"
"NIFTY INDIA DEFENCE","22 Sep 2021","-","-","-","1211.13"
"NIFTY INDIA DEFENCE","21 Sep 2021","-","-","-","1192.87"
"NIFTY INDIA DEFENCE","20 Sep 2021","-","-","-","1197.70"
"NIFTY INDIA DEFENCE","17 Sep 2021","-","-","-","1228.11"
"NIFTY INDIA DEFENCE","16 Sep 2021","-","-","-","1235.99"
"NIFTY INDIA DEFENCE","15 Sep 2021","-","-","-","1233.05"
"NIFTY INDIA DEFENCE","14 Sep 2021","-","-","-","1220.49"
"NIFTY INDIA DEFENCE","13 Sep 2021","-","-","-","1177.95"
"NIFTY INDIA DEFENCE","09 Sep 2021","-","-","-","1170.64"
"NIFTY INDIA DEFENCE","08 Sep 2021","-","-","-","1162.14"
"NIFTY INDIA DEFENCE","07 Sep 2021","-","-","-","1165.26"
"NIFTY INDIA DEFENCE","06 Sep 2021","-","-","-","1164.14"
"NIFTY INDIA DEFENCE","03 Sep 2021","-","-","-","1167.51"
"NIFTY INDIA DEFENCE","02 Sep 2021","-","-","-","1156.06"
"NIFTY INDIA DEFENCE","01 Sep 2021","-","-","-","1141.78"
"NIFTY INDIA DEFENCE","31 Aug 2021","-","-","-","1145.87"
"NIFTY INDIA DEFENCE","30 Aug 2021","-","-","-","1148.76"
"NIFTY INDIA DEFENCE","27 Aug 2021","-","-","-","1132.28"
"NIFTY INDIA DEFENCE","26 Aug 2021","-","-","-","1113.86"
"NIFTY INDIA DEFENCE","25 Aug 2021","-","-","-","1106.39"
"NIFTY INDIA DEFENCE","24 Aug 2021","-","-","-","1083.37"
"NIFTY INDIA DEFENCE","23 Aug 2021","-","-","-","1061.41"
"NIFTY INDIA DEFENCE","20 Aug 2021","-","-","-","1068.28"
"NIFTY INDIA DEFENCE","18 Aug 2021","-","-","-","1083.22"
"NIFTY INDIA DEFENCE","17 Aug 2021","-","-","-","1066.35"
"NIFTY INDIA DEFENCE","16 Aug 2021","-","-","-","1078.92"
"NIFTY INDIA DEFENCE","13 Aug 2021","-","-","-","1096.81"
"NIFTY INDIA DEFENCE","12 Aug 2021","-","-","-","1095.83"
"NIFTY INDIA DEFENCE","11 Aug 2021","-","-","-","1073.51"
"NIFTY INDIA DEFENCE","10 Aug 2021","-","-","-","1086.30"
"NIFTY INDIA DEFENCE","09 Aug 2021","-","-","-","1108.08"
"NIFTY INDIA DEFENCE","06 Aug 2021","-","-","-","1115.61"
"NIFTY INDIA DEFENCE","05 Aug 2021","-","-","-","1113.36"
"NIFTY INDIA DEFENCE","04 Aug 2021","-","-","-","1121.57"
"NIFTY INDIA DEFENCE","03 Aug 2021","-","-","-","1124.34"
"NIFTY INDIA DEFENCE","02 Aug 2021","-","-","-","1117.27"
"NIFTY INDIA DEFENCE","30 Jul 2021","-","-","-","1117.88"
"NIFTY INDIA DEFENCE","29 Jul 2021","-","-","-","1095.71"
"NIFTY INDIA DEFENCE","28 Jul 2021","-","-","-","1090.37"
"NIFTY INDIA DEFENCE","27 Jul 2021","-","-","-","1099.90"
"NIFTY INDIA DEFENCE","26 Jul 2021","-","-","-","1095.46"
"NIFTY INDIA DEFENCE","23 Jul 2021","-","-","-","1092.70"
"NIFTY INDIA DEFENCE","22 Jul 2021","-","-","-","1100.16"
"NIFTY INDIA DEFENCE","20 Jul 2021","-","-","-","1072.53"
"NIFTY INDIA DEFENCE","19 Jul 2021","-","-","-","1085.12"
"NIFTY INDIA DEFENCE","16 Jul 2021","-","-","-","1090.15"
"NIFTY INDIA DEFENCE","15 Jul 2021","-","-","-","1106.69"
"NIFTY INDIA DEFENCE","14 Jul 2021","-","-","-","1103.03"
"NIFTY INDIA DEFENCE","13 Jul 2021","-","-","-","1086.41"
"NIFTY INDIA DEFENCE","12 Jul 2021","-","-","-","1088.96"
"NIFTY INDIA DEFENCE","09 Jul 2021","-","-","-","1091.29"
"NIFTY INDIA DEFENCE","08 Jul 2021","-","-","-","1090.54"
"NIFTY INDIA DEFENCE","07 Jul 2021","-","-","-","1089.27"
"NIFTY INDIA DEFENCE","06 Jul 2021","-","-","-","1090.94"
"NIFTY INDIA DEFENCE","05 Jul 2021","-","-","-","1088.48"
"NIFTY INDIA DEFENCE","02 Jul 2021","-","-","-","1082.11"
"NIFTY INDIA DEFENCE","01 Jul 2021","-","-","-","1064.38"
"NIFTY INDIA DEFENCE","30 Jun 2021","-","-","-","1062.25"
"NIFTY INDIA DEFENCE","29 Jun 2021","-","-","-","1069.27"
"NIFTY INDIA DEFENCE","28 Jun 2021","-","-","-","1076.10"
"NIFTY INDIA DEFENCE","25 Jun 2021","-","-","-","1073.73"
"NIFTY INDIA DEFENCE","24 Jun 2021","-","-","-","1072.72"
"NIFTY INDIA DEFENCE","23 Jun 2021","-","-","-","1076.20"
"NIFTY INDIA DEFENCE","22 Jun 2021","-","-","-","1073.83"
"NIFTY INDIA DEFENCE","21 Jun 2021","-","-","-","1067.97"
"NIFTY INDIA DEFENCE","18 Jun 2021","-","-","-","1076.60"
"NIFTY INDIA DEFENCE","17 Jun 2021","-","-","-","1088.45"
"NIFTY INDIA DEFENCE","16 Jun 2021","-","-","-","1083.16"
"NIFTY INDIA DEFENCE","15 Jun 2021","-","-","-","1081.73"
"NIFTY INDIA DEFENCE","14 Jun 2021","-","-","-","1091.41"
"NIFTY INDIA DEFENCE","11 Jun 2021","-","-","-","1090.51"
"NIFTY INDIA DEFENCE","10 Jun 2021","-","-","-","1087.40"
"NIFTY INDIA DEFENCE","09 Jun 2021","-","-","-","1078.19"
"NIFTY INDIA DEFENCE","08 Jun 2021","-","-","-","1086.30"
"NIFTY INDIA DEFENCE","07 Jun 2021","-","-","-","1076.12"
"NIFTY INDIA DEFENCE","04 Jun 2021","-","-","-","1044.14"
"NIFTY INDIA DEFENCE","03 Jun 2021","-","-","-","1030.93"
"NIFTY INDIA DEFENCE","02 Jun 2021","-","-","-","1027.30"
"NIFTY INDIA DEFENCE","01 Jun 2021","-","-","-","1006.44"
"NIFTY INDIA DEFENCE","31 May 2021","-","-","-","1011.43"
"NIFTY INDIA DEFENCE","28 May 2021","-","-","-","995.62"
"NIFTY INDIA DEFENCE","27 May 2021","-","-","-","997.35"
"NIFTY INDIA DEFENCE","26 May 2021","-","-","-","997.14"
"NIFTY INDIA DEFENCE","25 May 2021","-","-","-","988.58"
"NIFTY INDIA DEFENCE","24 May 2021","-","-","-","984.35"
"NIFTY INDIA DEFENCE","21 May 2021","-","-","-","974.22"
"NIFTY INDIA DEFENCE","20 May 2021","-","-","-","965.69"
"NIFTY INDIA DEFENCE","19 May 2021","-","-","-","958.93"
"NIFTY INDIA DEFENCE","18 May 2021","-","-","-","954.20"
"NIFTY INDIA DEFENCE","17 May 2021","-","-","-","953.85"
"NIFTY INDIA DEFENCE","14 May 2021","-","-","-","942.93"
"NIFTY INDIA DEFENCE","12 May 2021","-","-","-","953.94"
"NIFTY INDIA DEFENCE","11 May 2021","-","-","-","950.54"
"NIFTY INDIA DEFENCE","10 May 2021","-","-","-","928.80"
"NIFTY INDIA DEFENCE","07 May 2021","-","-","-","913.59"
"NIFTY INDIA DEFENCE","06 May 2021","-","-","-","917.31"
"NIFTY INDIA DEFENCE","05 May 2021","-","-","-","917.28"
"NIFTY INDIA DEFENCE","04 May 2021","-","-","-","904.95"
"NIFTY INDIA DEFENCE","03 May 2021","-","-","-","905.86"
"NIFTY INDIA DEFENCE","30 Apr 2021","-","-","-","907.70"
"NIFTY INDIA DEFENCE","29 Apr 2021","-","-","-","911.75"
"NIFTY INDIA DEFENCE","28 Apr 2021","-","-","-","925.13"
"NIFTY INDIA DEFENCE","27 Apr 2021","-","-","-","906.13"
"NIFTY INDIA DEFENCE","26 Apr 2021","-","-","-","898.19"
"NIFTY INDIA DEFENCE","23 Apr 2021","-","-","-","895.73"
"NIFTY INDIA DEFENCE","22 Apr 2021","-","-","-","909.22"
"NIFTY INDIA DEFENCE","20 Apr 2021","-","-","-","901.52"
"NIFTY INDIA DEFENCE","19 Apr 2021","-","-","-","899.23"
"NIFTY INDIA DEFENCE","16 Apr 2021","-","-","-","928.33"
"NIFTY INDIA DEFENCE","15 Apr 2021","-","-","-","927.73"
"NIFTY INDIA DEFENCE","13 Apr 2021","-","-","-","924.54"
"NIFTY INDIA DEFENCE","12 Apr 2021","-","-","-","911.28"
"NIFTY INDIA DEFENCE","09 Apr 2021","-","-","-","958.68"
"NIFTY INDIA DEFENCE","08 Apr 2021","-","-","-","961.92"
"NIFTY INDIA DEFENCE","07 Apr 2021","-","-","-","956.12"
"NIFTY INDIA DEFENCE","06 Apr 2021","-","-","-","947.13"
"NIFTY INDIA DEFENCE","05 Apr 2021","-","-","-","944.54"
"NIFTY INDIA DEFENCE","01 Apr 2021","-","-","-","977.04"
"NIFTY INDIA DEFENCE","31 Mar 2021","-","-","-","951.75"
"NIFTY INDIA DEFENCE","30 Mar 2021","-","-","-","959.57"
"NIFTY INDIA DEFENCE","26 Mar 2021","-","-","-","955.99"
"NIFTY INDIA DEFENCE","25 Mar 2021","-","-","-","942.15"
"NIFTY INDIA DEFENCE","24 Mar 2021","-","-","-","960.86"
"NIFTY INDIA DEFENCE","23 Mar 2021","-","-","-","985.22"
"NIFTY INDIA DEFENCE","22 Mar 2021","-","-","-","991.74"
"NIFTY INDIA DEFENCE","19 Mar 2021","-","-","-","977.15"
"NIFTY INDIA DEFENCE","18 Mar 2021","-","-","-","962.12"
"NIFTY INDIA DEFENCE","17 Mar 2021","-","-","-","989.87"
"NIFTY INDIA DEFENCE","16 Mar 2021","-","-","-","1003.81"
"NIFTY INDIA DEFENCE","15 Mar 2021","-","-","-","993.80"
"NIFTY INDIA DEFENCE","12 Mar 2021","-","-","-","1023.07"
"NIFTY INDIA DEFENCE","10 Mar 2021","-","-","-","1030.55"
"NIFTY INDIA DEFENCE","09 Mar 2021","-","-","-","1022.92"
"NIFTY INDIA DEFENCE","08 Mar 2021","-","-","-","1043.85"
"NIFTY INDIA DEFENCE","05 Mar 2021","-","-","-","996.71"
"NIFTY INDIA DEFENCE","04 Mar 2021","-","-","-","1015.07"
"NIFTY INDIA DEFENCE","03 Mar 2021","-","-","-","1006.73"
"NIFTY INDIA DEFENCE","02 Mar 2021","-","-","-","1004.88"
"NIFTY INDIA DEFENCE","01 Mar 2021","-","-","-","975.94"
"NIFTY INDIA DEFENCE","26 Feb 2021","-","-","-","938.10"
"NIFTY INDIA DEFENCE","25 Feb 2021","-","-","-","945.42"
"NIFTY INDIA DEFENCE","24 Feb 2021","-","-","-","918.88"
"NIFTY INDIA DEFENCE","23 Feb 2021","-","-","-","908.76"
"NIFTY INDIA DEFENCE","22 Feb 2021","-","-","-","904.41"
"NIFTY INDIA DEFENCE","19 Feb 2021","-","-","-","908.57"
"NIFTY INDIA DEFENCE","18 Feb 2021","-","-","-","918.41"
"NIFTY INDIA DEFENCE","17 Feb 2021","-","-","-","907.73"
"NIFTY INDIA DEFENCE","16 Feb 2021","-","-","-","899.17"
"NIFTY INDIA DEFENCE","15 Feb 2021","-","-","-","900.74"
"NIFTY INDIA DEFENCE","12 Feb 2021","-","-","-","900.89"
"NIFTY INDIA DEFENCE","11 Feb 2021","-","-","-","889.76"
"NIFTY INDIA DEFENCE","10 Feb 2021","-","-","-","891.38"
"NIFTY INDIA DEFENCE","09 Feb 2021","-","-","-","892.80"
"NIFTY INDIA DEFENCE","08 Feb 2021","-","-","-","899.85"
"NIFTY INDIA DEFENCE","05 Feb 2021","-","-","-","883.58"
"NIFTY INDIA DEFENCE","04 Feb 2021","-","-","-","875.09"
"NIFTY INDIA DEFENCE","03 Feb 2021","-","-","-","870.14"
"NIFTY INDIA DEFENCE","02 Feb 2021","-","-","-","861.84"
"NIFTY INDIA DEFENCE","01 Feb 2021","-","-","-","849.88"
"NIFTY INDIA DEFENCE","29 Jan 2021","-","-","-","847.61"
"NIFTY INDIA DEFENCE","28 Jan 2021","-","-","-","840.45"
"NIFTY INDIA DEFENCE","27 Jan 2021","-","-","-","848.22"
"NIFTY INDIA DEFENCE","25 Jan 2021","-","-","-","854.15"
"NIFTY INDIA DEFENCE","22 Jan 2021","-","-","-","862.16"
"NIFTY INDIA DEFENCE","21 Jan 2021","-","-","-","875.79"
"NIFTY INDIA DEFENCE","20 Jan 2021","-","-","-","875.17"
"NIFTY INDIA DEFENCE","19 Jan 2021","-","-","-","876.31"
"NIFTY INDIA DEFENCE","18 Jan 2021","-","-","-","869.01"
"NIFTY INDIA DEFENCE","15 Jan 2021","-","-","-","884.98"
"NIFTY INDIA DEFENCE","14 Jan 2021","-","-","-","899.16"
"NIFTY INDIA DEFENCE","13 Jan 2021","-","-","-","872.93"
"NIFTY INDIA DEFENCE","12 Jan 2021","-","-","-","877.06"
"NIFTY INDIA DEFENCE","11 Jan 2021","-","-","-","874.19"
"NIFTY INDIA DEFENCE","08 Jan 2021","-","-","-","879.04"
"NIFTY INDIA DEFENCE","07 Jan 2021","-","-","-","879.18"
"NIFTY INDIA DEFENCE","06 Jan 2021","-","-","-","884.50"
"NIFTY INDIA DEFENCE","05 Jan 2021","-","-","-","877.57"
"NIFTY INDIA DEFENCE","04 Jan 2021","-","-","-","872.63"
"NIFTY INDIA DEFENCE","01 Jan 2021","-","-","-","858.38"
"NIFTY INDIA DEFENCE","31 Dec 2020","-","-","-","850.20"
"NIFTY INDIA DEFENCE","30 Dec 2020","-","-","-","842.86"
"NIFTY INDIA DEFENCE","29 Dec 2020","-","-","-","841.15"
"NIFTY INDIA DEFENCE","28 Dec 2020","-","-","-","833.69"
"NIFTY INDIA DEFENCE","24 Dec 2020","-","-","-","829.53"
"NIFTY INDIA DEFENCE","23 Dec 2020","-","-","-","814.44"
"NIFTY INDIA DEFENCE","22 Dec 2020","-","-","-","791.21"
"NIFTY INDIA DEFENCE","21 Dec 2020","-","-","-","790.48"
"NIFTY INDIA DEFENCE","18 Dec 2020","-","-","-","840.15"
"NIFTY INDIA DEFENCE","17 Dec 2020","-","-","-","838.62"
"NIFTY INDIA DEFENCE","16 Dec 2020","-","-","-","834.27"
"NIFTY INDIA DEFENCE","15 Dec 2020","-","-","-","820.88"
"NIFTY INDIA DEFENCE","14 Dec 2020","-","-","-","820.87"
"NIFTY INDIA DEFENCE","11 Dec 2020","-","-","-","808.91"
"NIFTY INDIA DEFENCE","10 Dec 2020","-","-","-","807.08"
"NIFTY INDIA DEFENCE","09 Dec 2020","-","-","-","816.40"
"NIFTY INDIA DEFENCE","08 Dec 2020","-","-","-","811.23"
"NIFTY INDIA DEFENCE","07 Dec 2020","-","-","-","817.28"
"NIFTY INDIA DEFENCE","04 Dec 2020","-","-","-","793.46"
"NIFTY INDIA DEFENCE","03 Dec 2020","-","-","-","792.04"
"NIFTY INDIA DEFENCE","02 Dec 2020","-","-","-","781.37"
"NIFTY INDIA DEFENCE","01 Dec 2020","-","-","-","784.00"
"NIFTY INDIA DEFENCE","27 Nov 2020","-","-","-","781.23"
"NIFTY INDIA DEFENCE","26 Nov 2020","-","-","-","771.84"
"NIFTY INDIA DEFENCE","25 Nov 2020","-","-","-","768.10"
"NIFTY INDIA DEFENCE","24 Nov 2020","-","-","-","762.71"
"NIFTY INDIA DEFENCE","23 Nov 2020","-","-","-","745.28"
"NIFTY INDIA DEFENCE","20 Nov 2020","-","-","-","737.02"
"NIFTY INDIA DEFENCE","19 Nov 2020","-","-","-","735.27"
"NIFTY INDIA DEFENCE","18 Nov 2020","-","-","-","729.24"
"NIFTY INDIA DEFENCE","17 Nov 2020","-","-","-","730.23"
"NIFTY INDIA DEFENCE","14 Nov 2020","-","-","-","735.38"
"NIFTY INDIA DEFENCE","13 Nov 2020","-","-","-","725.21"
"NIFTY INDIA DEFENCE","12 Nov 2020","-","-","-","730.21"
"NIFTY INDIA DEFENCE","11 Nov 2020","-","-","-","723.43"
"NIFTY INDIA DEFENCE","10 Nov 2020","-","-","-","720.47"
"NIFTY INDIA DEFENCE","09 Nov 2020","-","-","-","724.24"
"NIFTY INDIA DEFENCE","06 Nov 2020","-","-","-","721.00"
"NIFTY INDIA DEFENCE","05 Nov 2020","-","-","-","717.15"
"NIFTY INDIA DEFENCE","04 Nov 2020","-","-","-","700.08"
"NIFTY INDIA DEFENCE","03 Nov 2020","-","-","-","701.47"
"NIFTY INDIA DEFENCE","02 Nov 2020","-","-","-","702.96"
"NIFTY INDIA DEFENCE","30 Oct 2020","-","-","-","707.91"
"NIFTY INDIA DEFENCE","29 Oct 2020","-","-","-","711.92"
"NIFTY INDIA DEFENCE","28 Oct 2020","-","-","-","718.24"
"NIFTY INDIA DEFENCE","27 Oct 2020","-","-","-","723.18"
"NIFTY INDIA DEFENCE","26 Oct 2020","-","-","-","728.02"
"NIFTY INDIA DEFENCE","23 Oct 2020","-","-","-","732.66"
"NIFTY INDIA DEFENCE","22 Oct 2020","-","-","-","727.99"
"NIFTY INDIA DEFENCE","21 Oct 2020","-","-","-","709.78"
"NIFTY INDIA DEFENCE","20 Oct 2020","-","-","-","713.17"
"NIFTY INDIA DEFENCE","19 Oct 2020","-","-","-","722.61"
"NIFTY INDIA DEFENCE","16 Oct 2020","-","-","-","720.76"
"NIFTY INDIA DEFENCE","15 Oct 2020","-","-","-","718.45"
"NIFTY INDIA DEFENCE","14 Oct 2020","-","-","-","732.69"
"NIFTY INDIA DEFENCE","13 Oct 2020","-","-","-","737.02"
"NIFTY INDIA DEFENCE","12 Oct 2020","-","-","-","740.62"
"NIFTY INDIA DEFENCE","09 Oct 2020","-","-","-","754.61"
"NIFTY INDIA DEFENCE","08 Oct 2020","-","-","-","756.74"
"NIFTY INDIA DEFENCE","07 Oct 2020","-","-","-","761.20"
"NIFTY INDIA DEFENCE","06 Oct 2020","-","-","-","770.28"
"NIFTY INDIA DEFENCE","05 Oct 2020","-","-","-","770.50"
"NIFTY INDIA DEFENCE","01 Oct 2020","-","-","-","761.77"
"NIFTY INDIA DEFENCE","30 Sep 2020","-","-","-","754.35"
"NIFTY INDIA DEFENCE","29 Sep 2020","-","-","-","741.99"
"NIFTY INDIA DEFENCE","28 Sep 2020","-","-","-","737.95"
"NIFTY INDIA DEFENCE","25 Sep 2020","-","-","-","722.65"
"NIFTY INDIA DEFENCE","24 Sep 2020","-","-","-","719.83"
"NIFTY INDIA DEFENCE","23 Sep 2020","-","-","-","722.92"
"NIFTY INDIA DEFENCE","22 Sep 2020","-","-","-","724.58"
"NIFTY INDIA DEFENCE","21 Sep 2020","-","-","-","747.20"
"NIFTY INDIA DEFENCE","18 Sep 2020","-","-","-","767.21"
"NIFTY INDIA DEFENCE","17 Sep 2020","-","-","-","761.22"
"NIFTY INDIA DEFENCE","16 Sep 2020","-","-","-","769.10"
"NIFTY INDIA DEFENCE","15 Sep 2020","-","-","-","768.65"
"NIFTY INDIA DEFENCE","14 Sep 2020","-","-","-","761.50"
"NIFTY INDIA DEFENCE","11 Sep 2020","-","-","-","746.96"
"NIFTY INDIA DEFENCE","10 Sep 2020","-","-","-","749.97"
"NIFTY INDIA DEFENCE","09 Sep 2020","-","-","-","738.75"
"NIFTY INDIA DEFENCE","08 Sep 2020","-","-","-","753.77"
"NIFTY INDIA DEFENCE","07 Sep 2020","-","-","-","784.81"
"NIFTY INDIA DEFENCE","04 Sep 2020","-","-","-","797.63"
"NIFTY INDIA DEFENCE","03 Sep 2020","-","-","-","808.05"
"NIFTY INDIA DEFENCE","02 Sep 2020","-","-","-","801.16"
"NIFTY INDIA DEFENCE","01 Sep 2020","-","-","-","800.19"
"NIFTY INDIA DEFENCE","31 Aug 2020","-","-","-","812.58"
"NIFTY INDIA DEFENCE","28 Aug 2020","-","-","-","861.23"
"NIFTY INDIA DEFENCE","27 Aug 2020","-","-","-","859.55"
"NIFTY INDIA DEFENCE","26 Aug 2020","-","-","-","884.97"
"NIFTY INDIA DEFENCE","25 Aug 2020","-","-","-","884.05"
"NIFTY INDIA DEFENCE","24 Aug 2020","-","-","-","890.86"
"NIFTY INDIA DEFENCE","21 Aug 2020","-","-","-","891.56"
"NIFTY INDIA DEFENCE","20 Aug 2020","-","-","-","876.87"
"NIFTY INDIA DEFENCE","19 Aug 2020","-","-","-","888.32"
"NIFTY INDIA DEFENCE","18 Aug 2020","-","-","-","879.52"
"NIFTY INDIA DEFENCE","17 Aug 2020","-","-","-","870.47"
"NIFTY INDIA DEFENCE","14 Aug 2020","-","-","-","881.26"
"NIFTY INDIA DEFENCE","13 Aug 2020","-","-","-","891.34"
"NIFTY INDIA DEFENCE","12 Aug 2020","-","-","-","835.76"
"NIFTY INDIA DEFENCE","11 Aug 2020","-","-","-","819.31"
"NIFTY INDIA DEFENCE","10 Aug 2020","-","-","-","816.86"
"NIFTY INDIA DEFENCE","07 Aug 2020","-","-","-","776.10"
"NIFTY INDIA DEFENCE","06 Aug 2020","-","-","-","776.74"
"NIFTY INDIA DEFENCE","05 Aug 2020","-","-","-","773.78"
"NIFTY INDIA DEFENCE","04 Aug 2020","-","-","-","776.92"
"NIFTY INDIA DEFENCE","03 Aug 2020","-","-","-","752.51"
"NIFTY INDIA DEFENCE","31 Jul 2020","-","-","-","751.75"
"NIFTY INDIA DEFENCE","30 Jul 2020","-","-","-","755.66"
"NIFTY INDIA DEFENCE","29 Jul 2020","-","-","-","772.09"
"NIFTY INDIA DEFENCE","28 Jul 2020","-","-","-","761.19"
"NIFTY INDIA DEFENCE","27 Jul 2020","-","-","-","755.77"
"NIFTY INDIA DEFENCE","24 Jul 2020","-","-","-","768.72"
"NIFTY INDIA DEFENCE","23 Jul 2020","-","-","-","779.21"
"NIFTY INDIA DEFENCE","22 Jul 2020","-","-","-","763.67"
"NIFTY INDIA DEFENCE","21 Jul 2020","-","-","-","769.08"
"NIFTY INDIA DEFENCE","20 Jul 2020","-","-","-","773.27"
"NIFTY INDIA DEFENCE","17 Jul 2020","-","-","-","777.38"
"NIFTY INDIA DEFENCE","16 Jul 2020","-","-","-","740.14"
"NIFTY INDIA DEFENCE","15 Jul 2020","-","-","-","745.40"
"NIFTY INDIA DEFENCE","14 Jul 2020","-","-","-","762.50"
"NIFTY INDIA DEFENCE","13 Jul 2020","-","-","-","775.05"
"NIFTY INDIA DEFENCE","10 Jul 2020","-","-","-","785.95"
"NIFTY INDIA DEFENCE","09 Jul 2020","-","-","-","776.77"
"NIFTY INDIA DEFENCE","08 Jul 2020","-","-","-","774.55"
"NIFTY INDIA DEFENCE","07 Jul 2020","-","-","-","787.25"
"NIFTY INDIA DEFENCE","06 Jul 2020","-","-","-","789.21"
"NIFTY INDIA DEFENCE","03 Jul 2020","-","-","-","753.50"
"NIFTY INDIA DEFENCE","02 Jul 2020","-","-","-","726.05"
"NIFTY INDIA DEFENCE","01 Jul 2020","-","-","-","717.20"
"NIFTY INDIA DEFENCE","30 Jun 2020","-","-","-","723.80"
"NIFTY INDIA DEFENCE","29 Jun 2020","-","-","-","712.54"
"NIFTY INDIA DEFENCE","26 Jun 2020","-","-","-","720.12"
"NIFTY INDIA DEFENCE","25 Jun 2020","-","-","-","714.18"
"NIFTY INDIA DEFENCE","24 Jun 2020","-","-","-","681.36"
"NIFTY INDIA DEFENCE","23 Jun 2020","-","-","-","689.07"
"NIFTY INDIA DEFENCE","22 Jun 2020","-","-","-","686.96"
"NIFTY INDIA DEFENCE","19 Jun 2020","-","-","-","674.40"
"NIFTY INDIA DEFENCE","18 Jun 2020","-","-","-","678.08"
"NIFTY INDIA DEFENCE","17 Jun 2020","-","-","-","659.96"
"NIFTY INDIA DEFENCE","16 Jun 2020","-","-","-","652.95"
"NIFTY INDIA DEFENCE","15 Jun 2020","-","-","-","626.84"
"NIFTY INDIA DEFENCE","12 Jun 2020","-","-","-","625.61"
"NIFTY INDIA DEFENCE","11 Jun 2020","-","-","-","625.58"
"NIFTY INDIA DEFENCE","10 Jun 2020","-","-","-","626.64"
"NIFTY INDIA DEFENCE","09 Jun 2020","-","-","-","615.82"
"NIFTY INDIA DEFENCE","08 Jun 2020","-","-","-","624.60"
"NIFTY INDIA DEFENCE","05 Jun 2020","-","-","-","610.84"
"NIFTY INDIA DEFENCE","04 Jun 2020","-","-","-","582.70"
"NIFTY INDIA DEFENCE","03 Jun 2020","-","-","-","582.11"
"NIFTY INDIA DEFENCE","02 Jun 2020","-","-","-","570.81"
"NIFTY INDIA DEFENCE","01 Jun 2020","-","-","-","565.53"
"NIFTY INDIA DEFENCE","29 May 2020","-","-","-","555.14"
"NIFTY INDIA DEFENCE","28 May 2020","-","-","-","554.72"
"NIFTY INDIA DEFENCE","27 May 2020","-","-","-","541.13"
"NIFTY INDIA DEFENCE","26 May 2020","-","-","-","540.10"
"NIFTY INDIA DEFENCE","22 May 2020","-","-","-","546.00"
"NIFTY INDIA DEFENCE","21 May 2020","-","-","-","551.52"
"NIFTY INDIA DEFENCE","20 May 2020","-","-","-","548.96"
"NIFTY INDIA DEFENCE","19 May 2020","-","-","-","546.02"
"NIFTY INDIA DEFENCE","18 May 2020","-","-","-","555.71"
"NIFTY INDIA DEFENCE","15 May 2020","-","-","-","559.07"
"NIFTY INDIA DEFENCE","14 May 2020","-","-","-","543.48"
"NIFTY INDIA DEFENCE","13 May 2020","-","-","-","553.44"
"NIFTY INDIA DEFENCE","12 May 2020","-","-","-","534.38"
"NIFTY INDIA DEFENCE","11 May 2020","-","-","-","535.84"
"NIFTY INDIA DEFENCE","08 May 2020","-","-","-","530.72"
"NIFTY INDIA DEFENCE","07 May 2020","-","-","-","539.57"
"NIFTY INDIA DEFENCE","06 May 2020","-","-","-","534.50"
"NIFTY INDIA DEFENCE","05 May 2020","-","-","-","536.33"
"NIFTY INDIA DEFENCE","04 May 2020","-","-","-","534.19"
"NIFTY INDIA DEFENCE","30 Apr 2020","-","-","-","552.53"
"NIFTY INDIA DEFENCE","29 Apr 2020","-","-","-","550.91"
"NIFTY INDIA DEFENCE","28 Apr 2020","-","-","-","547.13"
"NIFTY INDIA DEFENCE","27 Apr 2020","-","-","-","553.59"
"NIFTY INDIA DEFENCE","24 Apr 2020","-","-","-","551.38"
"NIFTY INDIA DEFENCE","23 Apr 2020","-","-","-","564.07"
"NIFTY INDIA DEFENCE","22 Apr 2020","-","-","-","562.65"
"NIFTY INDIA DEFENCE","21 Apr 2020","-","-","-","564.87"
"NIFTY INDIA DEFENCE","20 Apr 2020","-","-","-","591.90"
"NIFTY INDIA DEFENCE","17 Apr 2020","-","-","-","593.91"
"NIFTY INDIA DEFENCE","16 Apr 2020","-","-","-","581.78"
"NIFTY INDIA DEFENCE","15 Apr 2020","-","-","-","577.17"
"NIFTY INDIA DEFENCE","13 Apr 2020","-","-","-","589.86"
"NIFTY INDIA DEFENCE","09 Apr 2020","-","-","-","559.11"
"NIFTY INDIA DEFENCE","08 Apr 2020","-","-","-","544.96"
"NIFTY INDIA DEFENCE","07 Apr 2020","-","-","-","528.48"
"NIFTY INDIA DEFENCE","03 Apr 2020","-","-","-","507.14"
"NIFTY INDIA DEFENCE","01 Apr 2020","-","-","-","513.01"
"NIFTY INDIA DEFENCE","31 Mar 2020","-","-","-","515.20"
"NIFTY INDIA DEFENCE","30 Mar 2020","-","-","-","510.56"
"NIFTY INDIA DEFENCE","27 Mar 2020","-","-","-","511.10"
"NIFTY INDIA DEFENCE","26 Mar 2020","-","-","-","483.74"
"NIFTY INDIA DEFENCE","25 Mar 2020","-","-","-","476.04"
"NIFTY INDIA DEFENCE","24 Mar 2020","-","-","-","466.93"
"NIFTY INDIA DEFENCE","23 Mar 2020","-","-","-","470.05"
"NIFTY INDIA DEFENCE","20 Mar 2020","-","-","-","537.13"
"NIFTY INDIA DEFENCE","19 Mar 2020","-","-","-","523.45"
"NIFTY INDIA DEFENCE","18 Mar 2020","-","-","-","536.15"
"NIFTY INDIA DEFENCE","17 Mar 2020","-","-","-","538.06"
"NIFTY INDIA DEFENCE","16 Mar 2020","-","-","-","541.36"
"NIFTY INDIA DEFENCE","13 Mar 2020","-","-","-","561.35"
"NIFTY INDIA DEFENCE","12 Mar 2020","-","-","-","553.29"
"NIFTY INDIA DEFENCE","11 Mar 2020","-","-","-","624.69"
"NIFTY INDIA DEFENCE","09 Mar 2020","-","-","-","628.71"
"NIFTY INDIA DEFENCE","06 Mar 2020","-","-","-","658.90"
"NIFTY INDIA DEFENCE","05 Mar 2020","-","-","-","675.90"
"NIFTY INDIA DEFENCE","04 Mar 2020","-","-","-","675.26"
"NIFTY INDIA DEFENCE","03 Mar 2020","-","-","-","688.96"
"NIFTY INDIA DEFENCE","02 Mar 2020","-","-","-","687.48"
"NIFTY INDIA DEFENCE","28 Feb 2020","-","-","-","702.82"
"NIFTY INDIA DEFENCE","27 Feb 2020","-","-","-","741.76"
"NIFTY INDIA DEFENCE","26 Feb 2020","-","-","-","737.89"
"NIFTY INDIA DEFENCE","25 Feb 2020","-","-","-","746.04"
"NIFTY INDIA DEFENCE","24 Feb 2020","-","-","-","750.50"
"NIFTY INDIA DEFENCE","20 Feb 2020","-","-","-","767.05"
"NIFTY INDIA DEFENCE","19 Feb 2020","-","-","-","769.51"
"NIFTY INDIA DEFENCE","18 Feb 2020","-","-","-","739.92"
"NIFTY INDIA DEFENCE","17 Feb 2020","-","-","-","752.02"
"NIFTY INDIA DEFENCE","14 Feb 2020","-","-","-","767.65"
"NIFTY INDIA DEFENCE","13 Feb 2020","-","-","-","776.35"
"NIFTY INDIA DEFENCE","12 Feb 2020","-","-","-","791.45"
"NIFTY INDIA DEFENCE","11 Feb 2020","-","-","-","794.40"
"NIFTY INDIA DEFENCE","10 Feb 2020","-","-","-","798.56"
"NIFTY INDIA DEFENCE","07 Feb 2020","-","-","-","807.30"
"NIFTY INDIA DEFENCE","06 Feb 2020","-","-","-","813.42"
"NIFTY INDIA DEFENCE","05 Feb 2020","-","-","-","809.69"
"NIFTY INDIA DEFENCE","04 Feb 2020","-","-","-","805.16"
"NIFTY INDIA DEFENCE","03 Feb 2020","-","-","-","793.59"
"NIFTY INDIA DEFENCE","01 Feb 2020","-","-","-","798.14"
"NIFTY INDIA DEFENCE","31 Jan 2020","-","-","-","818.69"
"NIFTY INDIA DEFENCE","30 Jan 2020","-","-","-","827.45"
"NIFTY INDIA DEFENCE","29 Jan 2020","-","-","-","834.68"
"NIFTY INDIA DEFENCE","28 Jan 2020","-","-","-","824.00"
"NIFTY INDIA DEFENCE","27 Jan 2020","-","-","-","820.70"
"NIFTY INDIA DEFENCE","24 Jan 2020","-","-","-","827.09"
"NIFTY INDIA DEFENCE","23 Jan 2020","-","-","-","819.90"
"NIFTY INDIA DEFENCE","22 Jan 2020","-","-","-","832.12"
"NIFTY INDIA DEFENCE","21 Jan 2020","-","-","-","836.91"
"NIFTY INDIA DEFENCE","20 Jan 2020","-","-","-","823.86"
"NIFTY INDIA DEFENCE","17 Jan 2020","-","-","-","828.18"
"NIFTY INDIA DEFENCE","16 Jan 2020","-","-","-","835.99"
"NIFTY INDIA DEFENCE","15 Jan 2020","-","-","-","830.83"
"NIFTY INDIA DEFENCE","14 Jan 2020","-","-","-","817.72"
"NIFTY INDIA DEFENCE","13 Jan 2020","-","-","-","797.96"
"NIFTY INDIA DEFENCE","10 Jan 2020","-","-","-","778.75"
"NIFTY INDIA DEFENCE","09 Jan 2020","-","-","-","776.64"
"NIFTY INDIA DEFENCE","08 Jan 2020","-","-","-","770.59"
"NIFTY INDIA DEFENCE","07 Jan 2020","-","-","-","774.34"
"NIFTY INDIA DEFENCE","06 Jan 2020","-","-","-","773.86"
"NIFTY INDIA DEFENCE","03 Jan 2020","-","-","-","786.81"
"NIFTY INDIA DEFENCE","02 Jan 2020","-","-","-","788.73"
"NIFTY INDIA DEFENCE","01 Jan 2020","-","-","-","776.16"
"NIFTY INDIA DEFENCE","31 Dec 2019","-","-","-","773.13"
"NIFTY INDIA DEFENCE","30 Dec 2019","-","-","-","773.68"
"NIFTY INDIA DEFENCE","27 Dec 2019","-","-","-","768.13"
"NIFTY INDIA DEFENCE","26 Dec 2019","-","-","-","768.96"
"NIFTY INDIA DEFENCE","24 Dec 2019","-","-","-","766.17"
"NIFTY INDIA DEFENCE","23 Dec 2019","-","-","-","769.37"
"NIFTY INDIA DEFENCE","20 Dec 2019","-","-","-","766.28"
"NIFTY INDIA DEFENCE","19 Dec 2019","-","-","-","764.79"
"NIFTY INDIA DEFENCE","18 Dec 2019","-","-","-","768.32"
"NIFTY INDIA DEFENCE","17 Dec 2019","-","-","-","772.03"
"NIFTY INDIA DEFENCE","16 Dec 2019","-","-","-","771.34"
"NIFTY INDIA DEFENCE","13 Dec 2019","-","-","-","775.49"
"NIFTY INDIA DEFENCE","12 Dec 2019","-","-","-","774.02"
"NIFTY INDIA DEFENCE","11 Dec 2019","-","-","-","769.82"
"NIFTY INDIA DEFENCE","10 Dec 2019","-","-","-","773.96"
"NIFTY INDIA DEFENCE","09 Dec 2019","-","-","-","782.55"
"NIFTY INDIA DEFENCE","06 Dec 2019","-","-","-","782.98"
"NIFTY INDIA DEFENCE","05 Dec 2019","-","-","-","787.47"
"NIFTY INDIA DEFENCE","04 Dec 2019","-","-","-","795.95"
"NIFTY INDIA DEFENCE","03 Dec 2019","-","-","-","799.74"
"NIFTY INDIA DEFENCE","02 Dec 2019","-","-","-","804.57"
"NIFTY INDIA DEFENCE","29 Nov 2019","-","-","-","798.46"
"NIFTY INDIA DEFENCE","28 Nov 2019","-","-","-","794.12"
"NIFTY INDIA DEFENCE","27 Nov 2019","-","-","-","800.84"
"NIFTY INDIA DEFENCE","26 Nov 2019","-","-","-","797.82"
"NIFTY INDIA DEFENCE","25 Nov 2019","-","-","-","810.97"
"NIFTY INDIA DEFENCE","22 Nov 2019","-","-","-","803.83"
"NIFTY INDIA DEFENCE","21 Nov 2019","-","-","-","810.94"
"NIFTY INDIA DEFENCE","20 Nov 2019","-","-","-","817.03"
"NIFTY INDIA DEFENCE","19 Nov 2019","-","-","-","794.59"
"NIFTY INDIA DEFENCE","18 Nov 2019","-","-","-","791.14"
"NIFTY INDIA DEFENCE","15 Nov 2019","-","-","-","791.57"
"NIFTY INDIA DEFENCE","14 Nov 2019","-","-","-","792.58"
"NIFTY INDIA DEFENCE","13 Nov 2019","-","-","-","801.82"
"NIFTY INDIA DEFENCE","11 Nov 2019","-","-","-","796.26"
"NIFTY INDIA DEFENCE","08 Nov 2019","-","-","-","789.08"
"NIFTY INDIA DEFENCE","07 Nov 2019","-","-","-","791.78"
"NIFTY INDIA DEFENCE","06 Nov 2019","-","-","-","793.52"
"NIFTY INDIA DEFENCE","05 Nov 2019","-","-","-","797.62"
"NIFTY INDIA DEFENCE","04 Nov 2019","-","-","-","802.93"
"NIFTY INDIA DEFENCE","01 Nov 2019","-","-","-","816.49"
"NIFTY INDIA DEFENCE","31 Oct 2019","-","-","-","798.03"
"NIFTY INDIA DEFENCE","30 Oct 2019","-","-","-","805.82"
"NIFTY INDIA DEFENCE","29 Oct 2019","-","-","-","798.53"
"NIFTY INDIA DEFENCE","27 Oct 2019","-","-","-","771.71"
"NIFTY INDIA DEFENCE","25 Oct 2019","-","-","-","760.24"
"NIFTY INDIA DEFENCE","24 Oct 2019","-","-","-","745.41"
"NIFTY INDIA DEFENCE","23 Oct 2019","-","-","-","744.89"
"NIFTY INDIA DEFENCE","22 Oct 2019","-","-","-","745.78"
"NIFTY INDIA DEFENCE","18 Oct 2019","-","-","-","740.37"
"NIFTY INDIA DEFENCE","17 Oct 2019","-","-","-","729.93"
"NIFTY INDIA DEFENCE","16 Oct 2019","-","-","-","728.56"
"NIFTY INDIA DEFENCE","15 Oct 2019","-","-","-","729.63"
"NIFTY INDIA DEFENCE","14 Oct 2019","-","-","-","732.16"
"NIFTY INDIA DEFENCE","11 Oct 2019","-","-","-","732.78"
"NIFTY INDIA DEFENCE","10 Oct 2019","-","-","-","730.25"
"NIFTY INDIA DEFENCE","09 Oct 2019","-","-","-","738.87"
"NIFTY INDIA DEFENCE","07 Oct 2019","-","-","-","734.71"
"NIFTY INDIA DEFENCE","04 Oct 2019","-","-","-","738.82"
"NIFTY INDIA DEFENCE","03 Oct 2019","-","-","-","742.40"
"NIFTY INDIA DEFENCE","01 Oct 2019","-","-","-","739.84"
"NIFTY INDIA DEFENCE","30 Sep 2019","-","-","-","749.00"
"NIFTY INDIA DEFENCE","27 Sep 2019","-","-","-","758.56"
"NIFTY INDIA DEFENCE","26 Sep 2019","-","-","-","771.86"
"NIFTY INDIA DEFENCE","25 Sep 2019","-","-","-","757.53"
"NIFTY INDIA DEFENCE","24 Sep 2019","-","-","-","767.51"
"NIFTY INDIA DEFENCE","23 Sep 2019","-","-","-","760.98"
"NIFTY INDIA DEFENCE","20 Sep 2019","-","-","-","725.38"
"NIFTY INDIA DEFENCE","19 Sep 2019","-","-","-","718.31"
"NIFTY INDIA DEFENCE","18 Sep 2019","-","-","-","719.08"
"NIFTY INDIA DEFENCE","17 Sep 2019","-","-","-","711.40"
"NIFTY INDIA DEFENCE","16 Sep 2019","-","-","-","719.99"
"NIFTY INDIA DEFENCE","13 Sep 2019","-","-","-","719.28"
"NIFTY INDIA DEFENCE","12 Sep 2019","-","-","-","703.77"
"NIFTY INDIA DEFENCE","11 Sep 2019","-","-","-","709.26"
"NIFTY INDIA DEFENCE","09 Sep 2019","-","-","-","710.96"
"NIFTY INDIA DEFENCE","06 Sep 2019","-","-","-","700.56"
"NIFTY INDIA DEFENCE","05 Sep 2019","-","-","-","695.79"
"NIFTY INDIA DEFENCE","04 Sep 2019","-","-","-","688.94"
"NIFTY INDIA DEFENCE","03 Sep 2019","-","-","-","683.22"
"NIFTY INDIA DEFENCE","30 Aug 2019","-","-","-","695.83"
"NIFTY INDIA DEFENCE","29 Aug 2019","-","-","-","697.57"
"NIFTY INDIA DEFENCE","28 Aug 2019","-","-","-","701.65"
"NIFTY INDIA DEFENCE","27 Aug 2019","-","-","-","701.55"
"NIFTY INDIA DEFENCE","26 Aug 2019","-","-","-","679.22"
"NIFTY INDIA DEFENCE","23 Aug 2019","-","-","-","672.77"
"NIFTY INDIA DEFENCE","22 Aug 2019","-","-","-","672.10"
"NIFTY INDIA DEFENCE","21 Aug 2019","-","-","-","687.03"
"NIFTY INDIA DEFENCE","20 Aug 2019","-","-","-","695.04"
"NIFTY INDIA DEFENCE","19 Aug 2019","-","-","-","693.99"
"NIFTY INDIA DEFENCE","16 Aug 2019","-","-","-","694.48"
"NIFTY INDIA DEFENCE","14 Aug 2019","-","-","-","696.78"
"NIFTY INDIA DEFENCE","13 Aug 2019","-","-","-","685.95"
"NIFTY INDIA DEFENCE","09 Aug 2019","-","-","-","704.56"
"NIFTY INDIA DEFENCE","08 Aug 2019","-","-","-","701.03"
"NIFTY INDIA DEFENCE","07 Aug 2019","-","-","-","697.08"
"NIFTY INDIA DEFENCE","06 Aug 2019","-","-","-","700.92"
"NIFTY INDIA DEFENCE","05 Aug 2019","-","-","-","696.41"
"NIFTY INDIA DEFENCE","02 Aug 2019","-","-","-","708.80"
"NIFTY INDIA DEFENCE","01 Aug 2019","-","-","-","713.82"
"NIFTY INDIA DEFENCE","31 Jul 2019","-","-","-","720.09"
"NIFTY INDIA DEFENCE","30 Jul 2019","-","-","-","726.61"
"NIFTY INDIA DEFENCE","29 Jul 2019","-","-","-","741.32"
"NIFTY INDIA DEFENCE","26 Jul 2019","-","-","-","741.56"
"NIFTY INDIA DEFENCE","25 Jul 2019","-","-","-","738.36"
"NIFTY INDIA DEFENCE","24 Jul 2019","-","-","-","742.14"
"NIFTY INDIA DEFENCE","23 Jul 2019","-","-","-","746.90"
"NIFTY INDIA DEFENCE","22 Jul 2019","-","-","-","742.88"
"NIFTY INDIA DEFENCE","19 Jul 2019","-","-","-","745.21"
"NIFTY INDIA DEFENCE","18 Jul 2019","-","-","-","747.30"
"NIFTY INDIA DEFENCE","17 Jul 2019","-","-","-","746.80"
"NIFTY INDIA DEFENCE","16 Jul 2019","-","-","-","742.67"
"NIFTY INDIA DEFENCE","15 Jul 2019","-","-","-","742.83"
"NIFTY INDIA DEFENCE","12 Jul 2019","-","-","-","747.70"
"NIFTY INDIA DEFENCE","11 Jul 2019","-","-","-","748.77"
"NIFTY INDIA DEFENCE","10 Jul 2019","-","-","-","734.80"
"NIFTY INDIA DEFENCE","09 Jul 2019","-","-","-","741.52"
"NIFTY INDIA DEFENCE","08 Jul 2019","-","-","-","743.11"
"NIFTY INDIA DEFENCE","05 Jul 2019","-","-","-","764.70"
"NIFTY INDIA DEFENCE","04 Jul 2019","-","-","-","778.45"
"NIFTY INDIA DEFENCE","03 Jul 2019","-","-","-","776.19"
"NIFTY INDIA DEFENCE","02 Jul 2019","-","-","-","778.94"
"NIFTY INDIA DEFENCE","01 Jul 2019","-","-","-","778.72"
"NIFTY INDIA DEFENCE","28 Jun 2019","-","-","-","784.66"
"NIFTY INDIA DEFENCE","27 Jun 2019","-","-","-","764.40"
"NIFTY INDIA DEFENCE","26 Jun 2019","-","-","-","762.26"
"NIFTY INDIA DEFENCE","25 Jun 2019","-","-","-","754.36"
"NIFTY INDIA DEFENCE","24 Jun 2019","-","-","-","740.47"
"NIFTY INDIA DEFENCE","21 Jun 2019","-","-","-","746.81"
"NIFTY INDIA DEFENCE","20 Jun 2019","-","-","-","744.98"
"NIFTY INDIA DEFENCE","19 Jun 2019","-","-","-","736.59"
"NIFTY INDIA DEFENCE","18 Jun 2019","-","-","-","754.55"
"NIFTY INDIA DEFENCE","17 Jun 2019","-","-","-","755.69"
"NIFTY INDIA DEFENCE","14 Jun 2019","-","-","-","764.84"
"NIFTY INDIA DEFENCE","13 Jun 2019","-","-","-","774.64"
"NIFTY INDIA DEFENCE","12 Jun 2019","-","-","-","776.07"
"NIFTY INDIA DEFENCE","11 Jun 2019","-","-","-","778.84"
"NIFTY INDIA DEFENCE","10 Jun 2019","-","-","-","777.14"
"NIFTY INDIA DEFENCE","07 Jun 2019","-","-","-","780.62"
"NIFTY INDIA DEFENCE","06 Jun 2019","-","-","-","785.10"
"NIFTY INDIA DEFENCE","04 Jun 2019","-","-","-","795.65"
"NIFTY INDIA DEFENCE","03 Jun 2019","-","-","-","799.42"
"NIFTY INDIA DEFENCE","31 May 2019","-","-","-","784.63"
"NIFTY INDIA DEFENCE","30 May 2019","-","-","-","796.27"
"NIFTY INDIA DEFENCE","29 May 2019","-","-","-","792.97"
"NIFTY INDIA DEFENCE","28 May 2019","-","-","-","803.82"
"NIFTY INDIA DEFENCE","27 May 2019","-","-","-","797.95"
"NIFTY INDIA DEFENCE","24 May 2019","-","-","-","775.37"
"NIFTY INDIA DEFENCE","23 May 2019","-","-","-","753.98"
"NIFTY INDIA DEFENCE","22 May 2019","-","-","-","749.78"
"NIFTY INDIA DEFENCE","21 May 2019","-","-","-","736.56"
"NIFTY INDIA DEFENCE","20 May 2019","-","-","-","747.98"
"NIFTY INDIA DEFENCE","17 May 2019","-","-","-","713.85"
"NIFTY INDIA DEFENCE","16 May 2019","-","-","-","714.95"
"NIFTY INDIA DEFENCE","15 May 2019","-","-","-","705.59"
"NIFTY INDIA DEFENCE","14 May 2019","-","-","-","707.19"
"NIFTY INDIA DEFENCE","13 May 2019","-","-","-","701.72"
"NIFTY INDIA DEFENCE","10 May 2019","-","-","-","716.96"
"NIFTY INDIA DEFENCE","09 May 2019","-","-","-","710.86"
"NIFTY INDIA DEFENCE","08 May 2019","-","-","-","711.56"
"NIFTY INDIA DEFENCE","07 May 2019","-","-","-","720.94"
"NIFTY INDIA DEFENCE","06 May 2019","-","-","-","731.03"
"NIFTY INDIA DEFENCE","03 May 2019","-","-","-","737.29"
"NIFTY INDIA DEFENCE","02 May 2019","-","-","-","740.45"
"NIFTY INDIA DEFENCE","30 Apr 2019","-","-","-","734.16"
"NIFTY INDIA DEFENCE","26 Apr 2019","-","-","-","742.75"
"NIFTY INDIA DEFENCE","25 Apr 2019","-","-","-","745.75"
"NIFTY INDIA DEFENCE","24 Apr 2019","-","-","-","747.81"
"NIFTY INDIA DEFENCE","23 Apr 2019","-","-","-","744.74"
"NIFTY INDIA DEFENCE","22 Apr 2019","-","-","-","750.73"
"NIFTY INDIA DEFENCE","18 Apr 2019","-","-","-","764.13"
"NIFTY INDIA DEFENCE","16 Apr 2019","-","-","-","775.70"
"NIFTY INDIA DEFENCE","15 Apr 2019","-","-","-","775.99"
"NIFTY INDIA DEFENCE","12 Apr 2019","-","-","-","780.33"
"NIFTY INDIA DEFENCE","11 Apr 2019","-","-","-","779.56"
"NIFTY INDIA DEFENCE","10 Apr 2019","-","-","-","781.31"
"NIFTY INDIA DEFENCE","09 Apr 2019","-","-","-","777.67"
"NIFTY INDIA DEFENCE","08 Apr 2019","-","-","-","773.74"
"NIFTY INDIA DEFENCE","05 Apr 2019","-","-","-","776.70"
"NIFTY INDIA DEFENCE","04 Apr 2019","-","-","-","774.49"
"NIFTY INDIA DEFENCE","03 Apr 2019","-","-","-","776.93"
"NIFTY INDIA DEFENCE","02 Apr 2019","-","-","-","780.31"
"NIFTY INDIA DEFENCE","01 Apr 2019","-","-","-","783.81"
"NIFTY INDIA DEFENCE","29 Mar 2019","-","-","-","784.69"
"NIFTY INDIA DEFENCE","28 Mar 2019","-","-","-","778.31"
"NIFTY INDIA DEFENCE","27 Mar 2019","-","-","-","777.37"
"NIFTY INDIA DEFENCE","26 Mar 2019","-","-","-","774.61"
"NIFTY INDIA DEFENCE","25 Mar 2019","-","-","-","762.93"
"NIFTY INDIA DEFENCE","22 Mar 2019","-","-","-","766.67"
"NIFTY INDIA DEFENCE","20 Mar 2019","-","-","-","777.46"
"NIFTY INDIA DEFENCE","19 Mar 2019","-","-","-","775.62"
"NIFTY INDIA DEFENCE","18 Mar 2019","-","-","-","765.75"
"NIFTY INDIA DEFENCE","15 Mar 2019","-","-","-","757.84"
"NIFTY INDIA DEFENCE","14 Mar 2019","-","-","-","763.55"
"NIFTY INDIA DEFENCE","13 Mar 2019","-","-","-","759.39"
"NIFTY INDIA DEFENCE","12 Mar 2019","-","-","-","747.94"
"NIFTY INDIA DEFENCE","11 Mar 2019","-","-","-","741.83"
"NIFTY INDIA DEFENCE","08 Mar 2019","-","-","-","729.55"
"NIFTY INDIA DEFENCE","07 Mar 2019","-","-","-","736.78"
"NIFTY INDIA DEFENCE","06 Mar 2019","-","-","-","745.08"
"NIFTY INDIA DEFENCE","05 Mar 2019","-","-","-","742.52"
"NIFTY INDIA DEFENCE","01 Mar 2019","-","-","-","710.44"
"NIFTY INDIA DEFENCE","28 Feb 2019","-","-","-","693.78"
"NIFTY INDIA DEFENCE","27 Feb 2019","-","-","-","691.33"
"NIFTY INDIA DEFENCE","26 Feb 2019","-","-","-","677.10"
"NIFTY INDIA DEFENCE","25 Feb 2019","-","-","-","680.60"
"NIFTY INDIA DEFENCE","22 Feb 2019","-","-","-","678.68"
"NIFTY INDIA DEFENCE","21 Feb 2019","-","-","-","668.54"
"NIFTY INDIA DEFENCE","20 Feb 2019","-","-","-","652.31"
"NIFTY INDIA DEFENCE","19 Feb 2019","-","-","-","649.56"
"NIFTY INDIA DEFENCE","18 Feb 2019","-","-","-","648.77"
"NIFTY INDIA DEFENCE","15 Feb 2019","-","-","-","652.81"
"NIFTY INDIA DEFENCE","14 Feb 2019","-","-","-","655.71"
"NIFTY INDIA DEFENCE","13 Feb 2019","-","-","-","654.59"
"NIFTY INDIA DEFENCE","12 Feb 2019","-","-","-","663.77"
"NIFTY INDIA DEFENCE","11 Feb 2019","-","-","-","673.25"
"NIFTY INDIA DEFENCE","08 Feb 2019","-","-","-","676.02"
"NIFTY INDIA DEFENCE","07 Feb 2019","-","-","-","672.54"
"NIFTY INDIA DEFENCE","06 Feb 2019","-","-","-","672.27"
"NIFTY INDIA DEFENCE","05 Feb 2019","-","-","-","676.32"
"NIFTY INDIA DEFENCE","04 Feb 2019","-","-","-","692.42"
"NIFTY INDIA DEFENCE","01 Feb 2019","-","-","-","703.42"
"NIFTY INDIA DEFENCE","31 Jan 2019","-","-","-","705.48"
"NIFTY INDIA DEFENCE","30 Jan 2019","-","-","-","702.29"
"NIFTY INDIA DEFENCE","29 Jan 2019","-","-","-","704.99"
"NIFTY INDIA DEFENCE","28 Jan 2019","-","-","-","712.40"
"NIFTY INDIA DEFENCE","25 Jan 2019","-","-","-","721.15"
"NIFTY INDIA DEFENCE","24 Jan 2019","-","-","-","731.80"
"NIFTY INDIA DEFENCE","23 Jan 2019","-","-","-","737.20"
"NIFTY INDIA DEFENCE","22 Jan 2019","-","-","-","741.77"
"NIFTY INDIA DEFENCE","21 Jan 2019","-","-","-","747.73"
"NIFTY INDIA DEFENCE","18 Jan 2019","-","-","-","752.40"
"NIFTY INDIA DEFENCE","17 Jan 2019","-","-","-","756.25"
"NIFTY INDIA DEFENCE","16 Jan 2019","-","-","-","757.89"
"NIFTY INDIA DEFENCE","15 Jan 2019","-","-","-","759.69"
"NIFTY INDIA DEFENCE","14 Jan 2019","-","-","-","753.68"
"NIFTY INDIA DEFENCE","11 Jan 2019","-","-","-","761.98"
"NIFTY INDIA DEFENCE","10 Jan 2019","-","-","-","761.72"
"NIFTY INDIA DEFENCE","09 Jan 2019","-","-","-","761.21"
"NIFTY INDIA DEFENCE","08 Jan 2019","-","-","-","765.25"
"NIFTY INDIA DEFENCE","07 Jan 2019","-","-","-","759.39"
"NIFTY INDIA DEFENCE","04 Jan 2019","-","-","-","760.47"
"NIFTY INDIA DEFENCE","03 Jan 2019","-","-","-","761.58"
"NIFTY INDIA DEFENCE","02 Jan 2019","-","-","-","770.89"
"NIFTY INDIA DEFENCE","01 Jan 2019","-","-","-","767.39"
"NIFTY INDIA DEFENCE","31 Dec 2018","-","-","-","769.35"
"NIFTY INDIA DEFENCE","28 Dec 2018","-","-","-","765.89"
"NIFTY INDIA DEFENCE","27 Dec 2018","-","-","-","761.00"
"NIFTY INDIA DEFENCE","26 Dec 2018","-","-","-","758.62"
"NIFTY INDIA DEFENCE","24 Dec 2018","-","-","-","759.39"
"NIFTY INDIA DEFENCE","21 Dec 2018","-","-","-","764.15"
"NIFTY INDIA DEFENCE","20 Dec 2018","-","-","-","769.85"
"NIFTY INDIA DEFENCE","19 Dec 2018","-","-","-","761.43"
"NIFTY INDIA DEFENCE","18 Dec 2018","-","-","-","759.88"
"NIFTY INDIA DEFENCE","17 Dec 2018","-","-","-","757.70"
"NIFTY INDIA DEFENCE","14 Dec 2018","-","-","-","748.37"
"NIFTY INDIA DEFENCE","13 Dec 2018","-","-","-","739.52"
"NIFTY INDIA DEFENCE","12 Dec 2018","-","-","-","726.32"
"NIFTY INDIA DEFENCE","11 Dec 2018","-","-","-","709.67"
"NIFTY INDIA DEFENCE","10 Dec 2018","-","-","-","700.59"
"NIFTY INDIA DEFENCE","07 Dec 2018","-","-","-","707.24"
"NIFTY INDIA DEFENCE","06 Dec 2018","-","-","-","709.40"
"NIFTY INDIA DEFENCE","05 Dec 2018","-","-","-","722.81"
"NIFTY INDIA DEFENCE","04 Dec 2018","-","-","-","732.42"
"NIFTY INDIA DEFENCE","03 Dec 2018","-","-","-","730.07"
"NIFTY INDIA DEFENCE","30 Nov 2018","-","-","-","732.72"
"NIFTY INDIA DEFENCE","29 Nov 2018","-","-","-","727.62"
"NIFTY INDIA DEFENCE","28 Nov 2018","-","-","-","733.41"
"NIFTY INDIA DEFENCE","27 Nov 2018","-","-","-","738.53"
"NIFTY INDIA DEFENCE","26 Nov 2018","-","-","-","735.48"
"NIFTY INDIA DEFENCE","22 Nov 2018","-","-","-","735.32"
"NIFTY INDIA DEFENCE","21 Nov 2018","-","-","-","735.22"
"NIFTY INDIA DEFENCE","20 Nov 2018","-","-","-","736.64"
"NIFTY INDIA DEFENCE","19 Nov 2018","-","-","-","738.75"
"NIFTY INDIA DEFENCE","16 Nov 2018","-","-","-","732.44"
"NIFTY INDIA DEFENCE","15 Nov 2018","-","-","-","737.82"
"NIFTY INDIA DEFENCE","14 Nov 2018","-","-","-","735.56"
"NIFTY INDIA DEFENCE","13 Nov 2018","-","-","-","740.49"
"NIFTY INDIA DEFENCE","12 Nov 2018","-","-","-","748.90"
"NIFTY INDIA DEFENCE","09 Nov 2018","-","-","-","762.33"
"NIFTY INDIA DEFENCE","07 Nov 2018","-","-","-","732.95"
"NIFTY INDIA DEFENCE","06 Nov 2018","-","-","-","720.21"
"NIFTY INDIA DEFENCE","05 Nov 2018","-","-","-","723.88"
"NIFTY INDIA DEFENCE","02 Nov 2018","-","-","-","716.50"
"NIFTY INDIA DEFENCE","01 Nov 2018","-","-","-","705.48"
"NIFTY INDIA DEFENCE","31 Oct 2018","-","-","-","693.97"
"NIFTY INDIA DEFENCE","30 Oct 2018","-","-","-","683.20"
"NIFTY INDIA DEFENCE","29 Oct 2018","-","-","-","676.83"
"NIFTY INDIA DEFENCE","26 Oct 2018","-","-","-","662.39"
"NIFTY INDIA DEFENCE","25 Oct 2018","-","-","-","667.18"
"NIFTY INDIA DEFENCE","24 Oct 2018","-","-","-","675.04"
"NIFTY INDIA DEFENCE","23 Oct 2018","-","-","-","669.42"
"NIFTY INDIA DEFENCE","22 Oct 2018","-","-","-","677.99"
"NIFTY INDIA DEFENCE","19 Oct 2018","-","-","-","692.92"
"NIFTY INDIA DEFENCE","17 Oct 2018","-","-","-","700.04"
"NIFTY INDIA DEFENCE","16 Oct 2018","-","-","-","717.81"
"NIFTY INDIA DEFENCE","15 Oct 2018","-","-","-","707.95"
"NIFTY INDIA DEFENCE","12 Oct 2018","-","-","-","702.86"
"NIFTY INDIA DEFENCE","11 Oct 2018","-","-","-","689.37"
"NIFTY INDIA DEFENCE","10 Oct 2018","-","-","-","690.59"
"NIFTY INDIA DEFENCE","09 Oct 2018","-","-","-","673.80"
"NIFTY INDIA DEFENCE","08 Oct 2018","-","-","-","682.81"
"NIFTY INDIA DEFENCE","05 Oct 2018","-","-","-","698.28"
"NIFTY INDIA DEFENCE","04 Oct 2018","-","-","-","715.52"
"NIFTY INDIA DEFENCE","03 Oct 2018","-","-","-","724.05"
"NIFTY INDIA DEFENCE","01 Oct 2018","-","-","-","708.95"
"NIFTY INDIA DEFENCE","28 Sep 2018","-","-","-","717.79"
"NIFTY INDIA DEFENCE","27 Sep 2018","-","-","-","733.83"
"NIFTY INDIA DEFENCE","26 Sep 2018","-","-","-","754.59"
"NIFTY INDIA DEFENCE","25 Sep 2018","-","-","-","748.37"
"NIFTY INDIA DEFENCE","24 Sep 2018","-","-","-","763.44"
"NIFTY INDIA DEFENCE","21 Sep 2018","-","-","-","783.26"
"NIFTY INDIA DEFENCE","19 Sep 2018","-","-","-","794.66"
"NIFTY INDIA DEFENCE","18 Sep 2018","-","-","-","798.84"
"NIFTY INDIA DEFENCE","17 Sep 2018","-","-","-","817.61"
"NIFTY INDIA DEFENCE","14 Sep 2018","-","-","-","820.11"
"NIFTY INDIA DEFENCE","12 Sep 2018","-","-","-","811.90"
"NIFTY INDIA DEFENCE","11 Sep 2018","-","-","-","819.01"
"NIFTY INDIA DEFENCE","10 Sep 2018","-","-","-","830.34"
"NIFTY INDIA DEFENCE","07 Sep 2018","-","-","-","839.81"
"NIFTY INDIA DEFENCE","06 Sep 2018","-","-","-","842.84"
"NIFTY INDIA DEFENCE","05 Sep 2018","-","-","-","838.45"
"NIFTY INDIA DEFENCE","04 Sep 2018","-","-","-","848.71"
"NIFTY INDIA DEFENCE","03 Sep 2018","-","-","-","870.20"
"NIFTY INDIA DEFENCE","31 Aug 2018","-","-","-","871.31"
"NIFTY INDIA DEFENCE","30 Aug 2018","-","-","-","860.19"
"NIFTY INDIA DEFENCE","29 Aug 2018","-","-","-","860.46"
"NIFTY INDIA DEFENCE","28 Aug 2018","-","-","-","860.07"
"NIFTY INDIA DEFENCE","27 Aug 2018","-","-","-","873.11"
"NIFTY INDIA DEFENCE","24 Aug 2018","-","-","-","865.28"
"NIFTY INDIA DEFENCE","23 Aug 2018","-","-","-","878.59"
"NIFTY INDIA DEFENCE","21 Aug 2018","-","-","-","889.03"
"NIFTY INDIA DEFENCE","20 Aug 2018","-","-","-","878.56"
"NIFTY INDIA DEFENCE","17 Aug 2018","-","-","-","873.27"
"NIFTY INDIA DEFENCE","16 Aug 2018","-","-","-","874.04"
"NIFTY INDIA DEFENCE","14 Aug 2018","-","-","-","889.30"
"NIFTY INDIA DEFENCE","13 Aug 2018","-","-","-","900.88"
"NIFTY INDIA DEFENCE","10 Aug 2018","-","-","-","916.49"
"NIFTY INDIA DEFENCE","09 Aug 2018","-","-","-","914.91"
"NIFTY INDIA DEFENCE","08 Aug 2018","-","-","-","915.15"
"NIFTY INDIA DEFENCE","07 Aug 2018","-","-","-","922.79"
"NIFTY INDIA DEFENCE","06 Aug 2018","-","-","-","924.33"
"NIFTY INDIA DEFENCE","03 Aug 2018","-","-","-","936.74"
"NIFTY INDIA DEFENCE","02 Aug 2018","-","-","-","922.06"
"NIFTY INDIA DEFENCE","01 Aug 2018","-","-","-","914.89"
"NIFTY INDIA DEFENCE","31 Jul 2018","-","-","-","907.13"
"NIFTY INDIA DEFENCE","30 Jul 2018","-","-","-","898.40"
"NIFTY INDIA DEFENCE","27 Jul 2018","-","-","-","869.52"
"NIFTY INDIA DEFENCE","26 Jul 2018","-","-","-","851.18"
"NIFTY INDIA DEFENCE","25 Jul 2018","-","-","-","839.92"
"NIFTY INDIA DEFENCE","24 Jul 2018","-","-","-","835.51"
"NIFTY INDIA DEFENCE","23 Jul 2018","-","-","-","821.13"
"NIFTY INDIA DEFENCE","20 Jul 2018","-","-","-","810.02"
"NIFTY INDIA DEFENCE","19 Jul 2018","-","-","-","814.69"
"NIFTY INDIA DEFENCE","18 Jul 2018","-","-","-","829.37"
"NIFTY INDIA DEFENCE","17 Jul 2018","-","-","-","842.89"
"NIFTY INDIA DEFENCE","16 Jul 2018","-","-","-","836.06"
"NIFTY INDIA DEFENCE","13 Jul 2018","-","-","-","857.06"
"NIFTY INDIA DEFENCE","12 Jul 2018","-","-","-","869.07"
"NIFTY INDIA DEFENCE","11 Jul 2018","-","-","-","874.63"
"NIFTY INDIA DEFENCE","10 Jul 2018","-","-","-","881.89"
"NIFTY INDIA DEFENCE","09 Jul 2018","-","-","-","873.03"
"NIFTY INDIA DEFENCE","06 Jul 2018","-","-","-","859.56"
"NIFTY INDIA DEFENCE","05 Jul 2018","-","-","-","856.20"
"NIFTY INDIA DEFENCE","04 Jul 2018","-","-","-","867.39"
"NIFTY INDIA DEFENCE","03 Jul 2018","-","-","-","858.87"
"NIFTY INDIA DEFENCE","02 Jul 2018","-","-","-","847.46"
"NIFTY INDIA DEFENCE","29 Jun 2018","-","-","-","852.55"
"NIFTY INDIA DEFENCE","28 Jun 2018","-","-","-","844.50"
"NIFTY INDIA DEFENCE","27 Jun 2018","-","-","-","866.84"
"NIFTY INDIA DEFENCE","26 Jun 2018","-","-","-","886.47"
"NIFTY INDIA DEFENCE","25 Jun 2018","-","-","-","896.19"
"NIFTY INDIA DEFENCE","22 Jun 2018","-","-","-","898.04"
"NIFTY INDIA DEFENCE","21 Jun 2018","-","-","-","894.17"
"NIFTY INDIA DEFENCE","20 Jun 2018","-","-","-","900.24"
"NIFTY INDIA DEFENCE","19 Jun 2018","-","-","-","891.19"
"NIFTY INDIA DEFENCE","18 Jun 2018","-","-","-","905.12"
"NIFTY INDIA DEFENCE","15 Jun 2018","-","-","-","909.15"
"NIFTY INDIA DEFENCE","14 Jun 2018","-","-","-","918.27"
"NIFTY INDIA DEFENCE","13 Jun 2018","-","-","-","918.28"
"NIFTY INDIA DEFENCE","12 Jun 2018","-","-","-","919.95"
"NIFTY INDIA DEFENCE","11 Jun 2018","-","-","-","915.06"
"NIFTY INDIA DEFENCE","08 Jun 2018","-","-","-","907.25"
"NIFTY INDIA DEFENCE","07 Jun 2018","-","-","-","905.96"
"NIFTY INDIA DEFENCE","06 Jun 2018","-","-","-","892.52"
"NIFTY INDIA DEFENCE","05 Jun 2018","-","-","-","874.12"
"NIFTY INDIA DEFENCE","04 Jun 2018","-","-","-","907.24"
"NIFTY INDIA DEFENCE","01 Jun 2018","-","-","-","930.67"
"NIFTY INDIA DEFENCE","31 May 2018","-","-","-","955.28"
"NIFTY INDIA DEFENCE","30 May 2018","-","-","-","966.99"
"NIFTY INDIA DEFENCE","29 May 2018","-","-","-","955.24"
"NIFTY INDIA DEFENCE","28 May 2018","-","-","-","955.81"
"NIFTY INDIA DEFENCE","25 May 2018","-","-","-","942.94"
"NIFTY INDIA DEFENCE","24 May 2018","-","-","-","922.68"
"NIFTY INDIA DEFENCE","23 May 2018","-","-","-","920.11"
"NIFTY INDIA DEFENCE","22 May 2018","-","-","-","928.86"
"NIFTY INDIA DEFENCE","21 May 2018","-","-","-","922.75"
"NIFTY INDIA DEFENCE","18 May 2018","-","-","-","946.69"
"NIFTY INDIA DEFENCE","17 May 2018","-","-","-","974.00"
"NIFTY INDIA DEFENCE","16 May 2018","-","-","-","954.46"
"NIFTY INDIA DEFENCE","15 May 2018","-","-","-","951.51"
"NIFTY INDIA DEFENCE","14 May 2018","-","-","-","950.14"
"NIFTY INDIA DEFENCE","11 May 2018","-","-","-","971.00"
"NIFTY INDIA DEFENCE","10 May 2018","-","-","-","968.60"
"NIFTY INDIA DEFENCE","09 May 2018","-","-","-","986.62"
"NIFTY INDIA DEFENCE","08 May 2018","-","-","-","998.61"
"NIFTY INDIA DEFENCE","07 May 2018","-","-","-","987.57"
"NIFTY INDIA DEFENCE","04 May 2018","-","-","-","979.21"
"NIFTY INDIA DEFENCE","03 May 2018","-","-","-","984.23"
"NIFTY INDIA DEFENCE","02 May 2018","-","-","-","1000.16"
"NIFTY INDIA DEFENCE","30 Apr 2018","-","-","-","1006.82"
"NIFTY INDIA DEFENCE","27 Apr 2018","-","-","-","996.31"
"NIFTY INDIA DEFENCE","26 Apr 2018","-","-","-","999.04"
"NIFTY INDIA DEFENCE","25 Apr 2018","-","-","-","1012.26"
"NIFTY INDIA DEFENCE","24 Apr 2018","-","-","-","1015.99"
"NIFTY INDIA DEFENCE","23 Apr 2018","-","-","-","1017.28"
"NIFTY INDIA DEFENCE","20 Apr 2018","-","-","-","1012.47"
"NIFTY INDIA DEFENCE","19 Apr 2018","-","-","-","1019.31"
"NIFTY INDIA DEFENCE","18 Apr 2018","-","-","-","1021.49"
"NIFTY INDIA DEFENCE","17 Apr 2018","-","-","-","1025.35"
"NIFTY INDIA DEFENCE","16 Apr 2018","-","-","-","1029.83"
"NIFTY INDIA DEFENCE","13 Apr 2018","-","-","-","1032.53"
"NIFTY INDIA DEFENCE","12 Apr 2018","-","-","-","1031.70"
"NIFTY INDIA DEFENCE","11 Apr 2018","-","-","-","1037.25"
"NIFTY INDIA DEFENCE","10 Apr 2018","-","-","-","1045.37"
"NIFTY INDIA DEFENCE","09 Apr 2018","-","-","-","1050.22"
"NIFTY INDIA DEFENCE","06 Apr 2018","-","-","-","1033.62"
"NIFTY INDIA DEFENCE","05 Apr 2018","-","-","-","1024.30"
"NIFTY INDIA DEFENCE","04 Apr 2018","-","-","-","1008.01"
"NIFTY INDIA DEFENCE","03 Apr 2018","-","-","-","1011.61"
"NIFTY INDIA DEFENCE","02 Apr 2018","-","-","-","1000.00"